-- MySQL dump 10.13  Distrib 8.0.33, for Win64 (x86_64)
--
-- Host: localhost    Database: food
-- ------------------------------------------------------
-- Server version	8.0.31

/*!40101 SET @OLD_CHARACTER_SET_CLIENT=@@CHARACTER_SET_CLIENT */;
/*!40101 SET @OLD_CHARACTER_SET_RESULTS=@@CHARACTER_SET_RESULTS */;
/*!40101 SET @OLD_COLLATION_CONNECTION=@@COLLATION_CONNECTION */;
/*!50503 SET NAMES utf8 */;
/*!40103 SET @OLD_TIME_ZONE=@@TIME_ZONE */;
/*!40103 SET TIME_ZONE='+00:00' */;
/*!40014 SET @OLD_UNIQUE_CHECKS=@@UNIQUE_CHECKS, UNIQUE_CHECKS=0 */;
/*!40014 SET @OLD_FOREIGN_KEY_CHECKS=@@FOREIGN_KEY_CHECKS, FOREIGN_KEY_CHECKS=0 */;
/*!40101 SET @OLD_SQL_MODE=@@SQL_MODE, SQL_MODE='NO_AUTO_VALUE_ON_ZERO' */;
/*!40111 SET @OLD_SQL_NOTES=@@SQL_NOTES, SQL_NOTES=0 */;

--
-- Table structure for table `cook`
--

DROP TABLE IF EXISTS `cook`;
/*!40101 SET @saved_cs_client     = @@character_set_client */;
/*!50503 SET character_set_client = utf8mb4 */;
CREATE TABLE `cook` (
  `id` bigint NOT NULL AUTO_INCREMENT,
  `idRecipe` bigint NOT NULL,
  `state` bigint NOT NULL,
  `date` date NOT NULL,
  `idUser` bigint NOT NULL,
  PRIMARY KEY (`id`),
  KEY `cook_idrecipe_foreign` (`idRecipe`),
  KEY `cook_iduser_foreign` (`idUser`),
  CONSTRAINT `cook_idrecipe_foreign` FOREIGN KEY (`idRecipe`) REFERENCES `recipe` (`id`),
  CONSTRAINT `cook_iduser_foreign` FOREIGN KEY (`idUser`) REFERENCES `user` (`id`)
) ENGINE=InnoDB AUTO_INCREMENT=6 DEFAULT CHARSET=utf8mb4 COLLATE=utf8mb4_0900_ai_ci;
/*!40101 SET character_set_client = @saved_cs_client */;

--
-- Dumping data for table `cook`
--

LOCK TABLES `cook` WRITE;
/*!40000 ALTER TABLE `cook` DISABLE KEYS */;
INSERT INTO `cook` VALUES (3,6,0,'2023-07-16',1),(4,6,0,'2023-07-16',1),(5,6,1,'2023-07-16',1);
/*!40000 ALTER TABLE `cook` ENABLE KEYS */;
UNLOCK TABLES;

--
-- Table structure for table `food`
--

DROP TABLE IF EXISTS `food`;
/*!40101 SET @saved_cs_client     = @@character_set_client */;
/*!50503 SET character_set_client = utf8mb4 */;
CREATE TABLE `food` (
  `id` bigint NOT NULL AUTO_INCREMENT,
  `name` varchar(255) NOT NULL,
  `unit` varchar(255) NOT NULL,
  `createdByAdmin` smallint NOT NULL,
  `image` longtext NOT NULL,
  `idUser` bigint DEFAULT NULL,
  `type` smallint NOT NULL,
  `isDeleted` smallint NOT NULL,
  PRIMARY KEY (`id`),
  KEY `food_iduser_foreign` (`idUser`),
  CONSTRAINT `food_iduser_foreign` FOREIGN KEY (`idUser`) REFERENCES `user` (`id`) ON DELETE CASCADE ON UPDATE CASCADE
) ENGINE=InnoDB AUTO_INCREMENT=20 DEFAULT CHARSET=utf8mb4 COLLATE=utf8mb4_0900_ai_ci;
/*!40101 SET character_set_client = @saved_cs_client */;

--
-- Dumping data for table `food`
--

LOCK TABLES `food` WRITE;
/*!40000 ALTER TABLE `food` DISABLE KEYS */;
INSERT INTO `food` VALUES (1,'Cà chua','quả',0,'data:image/jpeg;base64,/9j/4AAQSkZJRgABAQAAAQABAAD/2wCEAAoHCBISERERERERERERDxERDxEREREPEQ8QGBQZGRgUGBgcIS4lHB4rHxgYJjgmKy8xNTg3HCQ7QDs0Py40NTEBDAwMEA8QGhISGjEhISExNDQ0MTQ0NDExMTE0NDQ0NDQxNDQ0NDQxMTQ0NDQ0MTQ0NDQ0NDE0NDE0NDQ0NDExNP/AABEIAOwA1gMBIgACEQEDEQH/xAAbAAABBQEBAAAAAAAAAAAAAAAAAQIDBAUGB//EADsQAAIBAgMFBAgGAQQDAQAAAAECAAMRBBIxBSFBUWEGEyJxMnKBkaGxwdEUQlJigqIjFrLh8FNjwgf/xAAaAQACAwEBAAAAAAAAAAAAAAAAAQIDBAUG/8QALhEAAgIBAwEGBgIDAQAAAAAAAAECEQMEEiExBRMiQVFhMnGBkdHwobEz4fEU/9oADAMBAAIRAxEAPwD2aEIQAIQhAAhCEACEJnbed1wtdqZs4pNlOmXmfYLmJugH0caKjstMXRGKvUPo5xqi/qI4nQdTcC9Mzs/UpthaBpDKgpKMvFGAsynqDe804IAmdtjFGnTUKbPVqU6KHiC7WJHkLn2TQnLdtsV3X4Nz6KYoO38bH5ZopOkJnUKLCw0AsJz3bDbxwdFcljVqtlQfpUek3yA6mdEDeeP9vtp97tI0gbph1VOmY+JvibeyRyuosG6R0PZfbWJxGKVO8dkIZ6isqZUQddb3IAnficX/APm2FAoVcQRvq1Sin9lPd/uL+4TtYsMWocvqC6BIxUGYr+YKGI/aSQD8DHznxjs21jRU3CYBjU6OaiFQfYf7SxuhnQwhCMAhKuOr5FUD0nqJTXndjvI8lzH2S1AAhCEACEIQAIQhAAhCEACEIQAIQhAAjGUEEEAgixB3gjlIsTikpjNUdUHNiBfy5zBxnayktxTVnPM+FfvIynGPVluPDkyfBFsp06h2bXNM3OGrMWQ7zv4/yA1H5gAdb266jVV1DKwZWF1YG4I5zzza/aI4im1N1QU2tuVTmUjeGDHQg8ROcw23q+HPdio3dkkrZiqOTx3ei3TQyhZop0uhdk0WXElKfEfXrXzPWdqYkUzhmJsrYpabH10dV/sVmV29wRq4Goyi7UGFYDmFBD/1Zj7J57tLa7V6ZXvKmYFWW7v4XUhgbXtqJAu3MYEFSliHdTuanUJazfpJ1ty3/WLv07TRYtA5SUVNeJWn5P1+p6P2H24uJwYDMO8wyinV5lQPA/tUe8GeQ9932JxFZic1So7k+bEyPZ+06uHqu1JjTDpURkHomkVN1IPLhx3CZ2za24nnHJuUTmzUoNwkuU6PfOxFMLs7CgcUZieZZ2J+Jm/PH+z3aXELh6dCmXOTOoCDeBnJG+3WazY/FHe9V8xFwocsR577CPv0uKNv/l2Y1knNK1aXn9jstv7bTCUyxs1Rge6p33seZ5Ac5i9g8C57/HViS+Kbwk7iaYNy3QE6dFE4rF4hXfxvm3+I5r3/AGg/WbOE2/VAASowAACgMcoA0AGkh363W/Inh0GXLDeuF5X5+56dGswAJJsALkncAJwf+sKlIXYh+jC3vItaUau08RtFwlSp+FwpPiyfmHLm3mfD0Ms7+LXBRLBJS2rxNenJ1Gz8Z+MxjVE34bCArTbhWxLCzMOioSB69+M6SUNk4ajSopSoZe7UWWxzXOpJPFibky9LYp1yUiwhCSAIQhAAhCEACEIQAIQlXHY1KKFnNhwA9JjyAiboaTbpE1SoqqWYhVAuSxAAHUzldrdqrXTDjoajD/ap+ZmNtnbL123nLTB8KA7h1PMzAq1piy6nyidvSdmLiWXl+nl/v+i1i8c7MWZyzHUsbmZ1XEyKpUlV2mS22dyONRVUPq1+sp1q6sCGNwdRHNTB1uZGaA5fGWxSQNSaqkUqtQp6Jzrw1zr9xEwm0ijEht53Mp/MDqCDrL34VeXxMixFBNAgJ63Mt3RZxc3ZKvdCW326/bzI69RH8Qupsd3pAXBG4E3GvMyPA5V8LMt+G+1/fHnZ7NyX5/CKuyh+Zi3SPdGqsyT7M1OSVt37t/rNfZuJamxRSoBOYBnyAk9bTSxFDFVlt32Hp0z6S02ckj9xy3PwEwEwuX0WdfVZhFekW9J6jesxb5yG5EsfY+ojK7i/nz/FGmmBw9Le9fvCOCWUX+J+Uk/FjSkqqOZIY/8AfbMlcIObe+WEwq9fhISkjorQTl/nm5L0XCNCkBfM3iI0LbreQ0Ev0MURxmZSQjQk9Dvk6mUOTNkMOOEdsYpI6LA7RdDmVyp6HcfMcZ1Wztvo9lqWVv1D0D58p55TciXKNaX488omLUaOGTr9/M9TBizjNj7aanZW8ScV4r1X7TraFdaih0IKnQzoY8imrRwc+nnhdS6epNCEJYUBCEIAEIRjuACSbAC5J0AgBBjcWtJC7ncNBxY8AJ5/tfabVXLMeiqNFHIS3t/ahqsTchFuEXpz8zOaxFWc/UZr4XQ7+g0exb5dX/A2tVlR3hUeQs0ydTtxjQ1zI44wk0TYzLJqGGZ82VScqFm6INTJ8FgnqrUdF8NKmajkm27kOsVC+UJcZQuXcCGK8ib2Pug3S5KpTTtRfKK604qULefOW0pyRaUr3kXyU+6h3UvClF7qLeLcUDSjDSmiaUaaUNzJqZSWnJVSWBSjhTjuwchiLHWkqpHFIiG4agk1ONprLCJGiuTJKbTZ2TtNqLc1Pprz6jrMdFk6S6DcXaMuWEZpxlyj0ShWV1DqbqwuDJpyOxNod22Rj4HO/wDa3OdbedPHPerPPZ8LxT2+XkLCEJMpCc52nx+VRSU7yMz+XATfq1AqljooLHyAnnW1sWajux1JJ8hwEpzz2xr1N2gw95kt9F/Zl4utMypUkuIqSi7zmPlnqsUKQ5mjCY0tCCRcLLuzkRg4YrnB8Kk2JW3DnvvKayTuw2oB8xB15kJptcMvriGpq9NSFzrkdQQTl43tpEppIqKAbgAPKXqSSu/Ipfh+o1aceEk4SLliaKtxEEjsscTEDRCsTJFFKTILyxTpXkkiDnRS7mN7ma34bdIWoyVEVlTKISBpy73Jje6iHvKiJLKJJBR6SRUkoojKdkapJFWSBIoWXJFTkIgnWbCxneJkY+JLDzXgfpOWAl3Z2I7uorcL5W9U6/f2TRjltZl1OPvINea6HZQiXhNhxTI7SYjJQKjVyF/iN5+nvnnmOqazr+11bxIv6Uv7WP8AxOGxrazBqZeI9D2ZjrGn68mdXfWVS0kqtICZRFHdih2aOUyO8csdDJ0MsU5VSWUlUiEi1RmhREoURNGhaQRmyMnCxjyfMJXqtJMzx6lZ3jFqb4yqZGh3yDNKjwbGFF5sYaheY+AOk6bAAbprxQvqczUy29B34Tw6Ss2F36TcYDLKu681PCjBDNIpLgt2krthN86BALSo4GaJ4UOOeVsz1we7SVK1HKZ0lJRaZW0kAleTEkrJ4szcqMwCKBCLKkzUJaLCEmmI63ZVbPRQnUDKfMboSj2bqeGonIhh7Rb6Qm6HMUziZoOOSSRg9p3vXfplHwE4/GGdV2iP+ar65nKYyc7M/Ez0+hVY4/JGZVkMmqyEyK6HUQRyxLRRGBKksIZVQydWlckJou0nlynUmYjywjypopnCzRFWNd5XDwzxWU7BakjtHExIE0aGDedBgq9rTl8O9ppYevaX450YtRj3HTPi90pnFb9ZmPi+srNit+sueYzQ03sdLTxe7WVqmL8Wsx0xe7WV6mL36xPPwOGl56HUUsb1lDHYu/GYy43rIquKvxlcs9qicNLtlZo9/FFeZPfxwrytTL+5NUVo5aky1qSzTeWxkVyxnSdn6tqjdaZ+DD7wlPZLWY+ofmITXF8HNzQ8bKvaNbVqvrX94BnJ4wTte1VO1Zj+pVb4W+k43FrrM2f4mdbQSvHH5GTUkJlmqJCRIRZ1UJaLaFoto7GKokixqiPUSDAeknQyFZIJWyDJ1aOzSAGOvIlbRKGjgZBmi54hbSyjSdKsoB44VY0QcLLz1pC1WVmqSIvHYRxl8VpBUqSAVI1mgSUCfvYueVs0A0VE9paDyRGlRWk6mNEHEt0zLtGUKU0KA0l0DLkN/YKXqEf+sn+ywlnsvTuztyQD3n/iE3whcUcTPmUcjX70DtbR9Cp0KH5j6zhcYms9O25h+8oOBqozD2a/C886xtOU6mPNm3svJeOvQwKqyAiXK6SswmRM70SO0cBFAjgI7JiCPAgBHgSLYrAR4iARwWQIWAhFywKwENJiXjisaVgPgTNDNEywyRj4FzRt48JHCnFaFwR3hePyQ7qO0O0R3gJL3UctKFitDFlinEWnJlWJFcpFiiJo4cSjRE0cMunwl+MxZWdf2cpWpM36n3eQFvneE0MFRyU0Tkov58fjCdWCqKR5fLJTm5epYtPPNu4Pu6jpwvdPUOn/AHpPRJhdpsD3lPvFHipg36px92vvleaG6PyNOizd3l56Pg8zxCSi6zYxVKZlRZynwz1uKVohAixLRYFw5Y8SMGOBiYmSCSASMGPBkCtjwI60YDFvAgLaJlheF4xgFEcEEaDHAxCYuURbRbwvAQmUQyiJmiZoByOtFjc8TPAKJI9JErSamJJIjItUFnR9ncLnqqSNyWdvP8o9/wApg4dZ3+xsH3VIAjxN4m6HgvsH1m3BC5fI5OvzbINLq+DShCE3nBCJFhADz/tLsnunuo8DXKH9J4rOVxFO09gxuEWshpvodDxU8CJ5vtnZj0XZWHVWGjLzEwajDTtdD0XZus3rZJ+Jfyc4wjDLNWnaV2Exo7iY0GOBjIXkqJUTBo8NIA0cGkGiDiThouaQhoueFC2kuaGaRZoZoULaS5o5XkGaKHhQbSwWjS8hzRpeKg2kxqRC8rmpGF49o9pZNSKHlXPJUj2g1Rbpy7QWVaCzodg7JauwGlNbF35DkOplsINukZM+SOOLlJ8I1ey+zMzd648Knw3/ADP9hOwkdGkqKqqLKosoHASWdPHDYqPKZ8zzTcn9AhCEmUhCEIAEobT2amITK4sRvVhqp+3SX4RNWqY4ycWmnTR5XtjZLUWKsPVI9FhzEw6tO09mxuDSshSoAQdDxU8weBnB7d7PPRuwBanwcDT1hw+UwZtO48x6HotD2kslQnxL+zjWWMMu16FpVqJMyO1GaZHeGaMMTNJUWEoeLnkGaGaG0KJ88M0hzQzQ2iomzwzyHNEzQ2jonLRheR3jc0aiIeWiZo28UCSodj0l2ghMiw1Ekztez3ZZnyvVBSnuIFrO46DgOsUYObpGTU6mGGO6ToqbB2K9dhYZUHpsRuXoOZ6T0TB4RKKBEFlHvJ5nmY/D0EpqEQBVGgEmnQxYlBe55TV6yWol6JdF+QhCEtMgQhCABCEIAEIQgARrKCLEXB1BjpGzW4QA5za/ZWnUu1Eim535SP8AGx+k4Xa+xa9AnvKbKv6h4kP8hu989Ves3Dd7JUrVWIILXB1HCZ54IS5XB0tPr82Lhvcvf8/9PGKotIWM9K2jsLDVLk0wrH81LwfAbvhOXx/ZUrc06txydP8A6H2lPcSXudfH2pifxWv32OczQzSevsqun5QfVYH52lRqdRdUYfxMi8bXkao6zHLpJfckvDNK5c8iPZDvItpb36LGaJmkGYnQH3GSpSqNohPsIhtIvUxXV0PvCW8Nsms9vCB6x+028H2YBsajsf2ooHxN/lH3UvQql2hgj1n9uTmgOU6DYnZnE4mzBCqf+R7olunFvZOq2bsmhRIK0UzDRnGcg8wTe3snR0cS/My2Onv4mc/UdsOqxR+r/H5+xU2L2Yo4ezN/lqDiw8Kn9o+pnQiVaddjr8pZVr8LTTGKiqSo4WXJPJLdN2x0IQkisIQhAAhCEACEIQAIQhAAhCEAGFAdQIw4dTwj2cDzkLMT0HSJsaTIquGpcQfIHfKdXBU20Q+0y7khlkeS1JIyH2PSOqn3iQN2doHVW94m9lhli5HaOabsphzwb3j7Rn+kcNyb+v2nUZYZYch4Tm07LYccG+H2lhez9EaKfhNzLDLDkPCZabLprostUsLTGqn2GWssMkfIeEdTw9M6D3mTLRUflEr5ZKrkdRHZW4+hNlHKOjVYGOkiAQhCABCEIAEIQgAQhCABCEIAEjZuUWJENIZlhlj4QJWMywyx8IgsZlhlj4RhYzLDLHwgFjMsMsfCAWMywyx8IBYzLDLHwgFjMserc4sSAiSEYsfGRCEIQAIQhAD/2Q==',1,0,1),(2,'Trứng gà','quả',0,'data:image/jpeg;base64,/9j/4AAQSkZJRgABAQAAAQABAAD/2wCEAAkGBxMSEhETEhESFRUQFRgYFRUSEhUVFRYYFRcXFxUVFRMYHSggGBolHRUVITEhJSkrLi4uFx8zODMsNygtLisBCgoKDg0OGxAQGi0lHR8tLS0rMC0rLSstLS0tLS0tKystLS0tKy0tKy0tLS01LSstLS0tKystLSstLS0tKy0rK//AABEIAOEA4QMBIgACEQEDEQH/xAAbAAEAAgMBAQAAAAAAAAAAAAAAAwQCBQYHAf/EADwQAQACAQIDBAgDBgQHAAAAAAABAgMEEQUhMQYSQVETIjJhcYGx0UKRoQdSYnKCwRQj4fAWM0OSorLS/8QAGgEBAAIDAQAAAAAAAAAAAAAAAAIDAQQFBv/EACQRAQACAgIDAAEFAQAAAAAAAAABAgMRBCESMUEiExQyUYFh/9oADAMBAAIRAxEAPwD3EAAAAAAAAAAAAAAAAAAAAAAAAAAAAAAAAAAAAAAAAAAAAAAAAAAAAAAAAAAAAAAAAAAAAAAAAAAAAAAAAAAAAAAAAAAAAAAAAAAAAAAAAAAAAAAAAAAAAAAAAAAAAAAGu1fHMGPlbJEzHhX1p/TkxNoj2lWs26iGxGg/4twfu5Pyr/8AS5pOP6fJO0ZIifK3q/rPJGMlZ9SlOK9fcS2YbiasAAEN9VSOt6x84Yf4/H+/X82Nwz4z/SyI8eetvZtWfhMSkZYAAAAAAAAAAAAAAAAEeoz1pWbXmIrWOcykcT2g4nOe/crP+XSeXlaek2+ynNmjHXa/BhnLbXz6j4zx7Jm3rXemPyjrb+af7fVocm7Y+i5K+TG42TJa87mXcx0rSNVhq8u6C2SYbDLRUyURraYWzqV/gvajNp5iN+/Txpaf/Wfw/R6NwzjOLPi9LS8RWPai3Kaz5Wh5DkoafXWxW3jpb2o8/Kfi38PJmI1Ln5+JW/cdPUNb2irG8Y43/it0+Ufdo9Txi1vavafdvtH5Q5udfv49SNRurvyrylj4tKtxfiU+HJDbX282v9I+7qZzXn6vjHWPi/XWWnxbPQ8fzYva/wAynjEz60fC33c73mddRMeKyma0fVeTDW0enpnDOJY89e9jnp1rPK1Z8phceT6TiWTDkjJjnnHWPC0eNZjyemcJ4jTUYq5KdJ6xPWsx1rLo4c0ZOvrl8jjzjnfxcAXtYAAAAAAAAAAABp+0+u9Hh2ifWy+rHw/FP5cvm4/BVse1ep7+fu+GOIj5zzn6x+TXY5cbl5PLJMfIdziYvDFE/Z7WJqgzY/ctYa7pdVg5KopuNrZtqdNFlhVvC5qOqreVS5VyVUs9N4mF/IqZVlZYmFD020fBNh1irrY5T74aTHrdp6pa2zp2mHUJoyuc0ut3dNwfh1ssRa3q1/W3w8vix4oz17fcW9p2rEzPubPTcEvbna0Vjy6yu4cdccbVjbby+7HLqZ8+SceFf5Kpm0+mdOEYK+1aZ+NtvotaLV49P3vQz3Yt1j2t9vi1F7TKK0rI5ER/GEJweXVp26SO1s1nnSto929Z/u2nD+0uDLMR3u5afC/Lf4W6S4GyO0+cLKcu2+1N+FSfT1sedcB7S309opkmb4Z8+dqfyz4x7vyehYcsWrFqzE1tG8THSYnxb+PLW8dOblw2xzqWYCxUAAAAAAA+WB5rr8vey5LfvWtP6zsY7K8zzZ1l5y07tMvTVjVYhstLl2nqtanLGzU0y7JMuo5LqX1GlVqblR1duanayxqL7qsyp+r49MLypaiVvJLXay6ZDW6vI5TUZdr2j3ug1+TlLUcB4b/itT3Z9ivO/vjwr8/utw61Mz6SyRqIdX2I4LOSIzZI9T8FZ/F/FPu8vN6JSu0KnDtPFaxERyiPD9F+a7K5vtRb2htCK1U8o7QgwrXhBeFq0IL1ElaWFoTWhFKUCPZ13YrXTXfDafVnnTfwnxj4T1cnMtnwbN3b1nymP0bXHv42hrcmnlSYekD5EvrrOIAAAAAAAA8u1FO7a0eUzH5SwiWz7S6fuZ8nlae9H9XP67tTMvP5aeN5h6TFfypEs5sjtfd83YXQWI73RWs+3t1RWliGWGW7V6231XsturWayyaVfbScWy7RLof2daDu4fSTHPLMz8ukfp9XI8cy+rL0zstiiuDDEeFK/SE7dYtf3Jknt02lryWLUQYrJpysV1pqW3tBeEN5Z5boZlGWWF0VpS2RWkSQXlFZJf6IbSyy+Wla0E84Ups2nA9P6TLjrt1tE/KOc/RdijdoVZZ1WZekYukfCGQO04AAAAAAAADn+1/D+/jjJWOePr/LP2n6y4O87PW7RvExMbxPXd532n4POC02rG9LT6s+X8My0OXh3+cOlwc+vwn/ABpZyI7XQ3vsinK5sw60JL5EF8iLJk96vly+JEJJMuRrNbfkny5Gt1uaIhOK7N6aXiFZvO35vSuyWpi2DDP8MRPxjlP6w4XTxXuzv1t1/tDedldX6K045n1bzvX3T4x82zlwz+nH/GpHI8sk/wBPRKyzm6jizJZu01ks7WYTPOObG10drjDO1kV7f7/38ny1kN7skPmSyG93zJdHEsxCTOkbu47GcNmsTmtHtRtT4eM/Pb6+bT9meBTmmL3iYxx/5e6Pd5y7+tYiIiI2iOURHg6PFw6/KXM5nI3+Ff8AX0BvOcAAAAAAAAK+rwVvWa2rFq26xKw+TAPO+P8AZe1N7Yt7V/d/FH3cjnrMTPue2ZcW7muNdlqZt56T5x1aeTixbuHQw82a9WeWXlWyZNnY6zsFl39XN+dVC37Pc0+1ln5Rso/aWbf76jjtRqtvfPuVIxWvO8vRdN+zzbrMy22m7FVr4NjHgirXycvy6eXYuH2nwW8XC7+UvVsfZeseCaOz1Y8F3i1v1YcPw7UZKxEXiZ2/F92zpqPe6SeCx5KOr7P7+zvE+5rZOJE9w2MfLmOrNVOVjOVjquEamvs923xif7S1mbBrY/6FZ/qn7NWeNdtRyKT9bG+ZBfKoRodfbpjpX/un7Lml7K6q/wDzL7e6sbf6pV41yeRjj6jjL3piK85npEOt4D2Zidr5538Yx1nl/VMdfhH6sOEdlIx7b9XW6LSdxt4uNWvc9tLPy5t1Xpdw0iIiIjaI6RHSPhCV8rD622gAAAAAAAAAAAAPk1fQEc44YzghMAh9BDKMUJAEfooPRQkAQzhhhOnhZBnapOljyYToo8oXhjR5Spxo48mddPHksho2jrjhnEPoywAAAAAAAAAAAAAAAAAAAAAAAAAAAAAAAAAAAAAAAAAAAAAAAAAAAAAAAAAAAAAAAAAAAAAAAAAAAAAAAAAAAAAAAAAAAAAAAAAA/9k=',1,0,1),(3,'Gà luộc','con',0,'data:image/jpeg;base64,/9j/4AAQSkZJRgABAQAAAQABAAD/2wCEAAoHCBUVFBgVFRUZGRgaGh0dGhsbGh0aHR0dGxsZGxodHRsbIi0kHSApIBoaJTcpKS4wNDQ0GiM5PzkxPi0yNDABCwsLEA8QHhISHjIpJCsyMjUyMjUyMjI1MjIyMjIyMjI1MjIyMjUyMjIyMjIyMjIyMjIyMjUyMjIyMjIyMjIyMv/AABEIALcBEwMBIgACEQEDEQH/xAAcAAACAgMBAQAAAAAAAAAAAAAEBQMGAAECBwj/xABEEAABAgMFBQUGAggFBAMAAAABAhEAAyEEEjFBUQUiYXGBBhMykaFCUrHB0fBikgcUFSNyouHxM0OCssIWRFPSJDTi/8QAGgEAAwEBAQEAAAAAAAAAAAAAAgMEAQAFBv/EACwRAAICAgEDAwMEAgMAAAAAAAABAhEDIRIEMUETIlFhcYEykaGxFOEF0fD/2gAMAwEAAhEDEQA/AFypLYRoSYlFpQfaEb7yX70RUW2DKkKyjlSVCObXa28JeIZdrPtERtGWToeJL5gVdrAweORtAaGO4ncgovEc0khmiAbSB9lURqt4ORjuJnM4WjJojKBpGT7WjMkdI1ZrSldHrCMmJraDhNPRxMkPA6ZakmilDrDIoMckcHhStByxxZJszasxJCVKLaxYU2xbYvFTVJ6Qwse0bguzASNYRlg+8SXJha2h6jaaxx1EMbNbgqo9YTWdSV1Bg+z3UppEu07JaYyQoqemERrkkhy0Ryp1MY67yHx4+TCZMsJA4xwsNzjpCxHIXXCG+04xNIHtBcvBSq8OcRFGlYFxMI1kln0gOdY5ZN5SQTwpBxRSsJp+2kBbAOBifpGNaMtLuS2mxKWkXSxBfeq0AWiUpD31Oo4lqU+cMpFtC07pro8BWtajRSG0zhKkZqtC++b6CS7KS3m8XOwWpV1SSaTFKYnJ61inTKHBjTKJpM1XvEDnFMMyjHSMrdjK02VaSUichS6swb0hMN8kLSygWvjDyg4rljfUd7VwDHFhEpcxKpizcJ8+sJhttpa/o0m2aruwoByCamG2zbVcWtVxaENUqc11DwLapHdzFhIZFLgNXeN2m1TEJKFqCnAroTVoXNN2nsKOgCdsmal7QqamahZJCwcMaEZf0iuTJN5ZKQSVHOLFtK1PYZgScJgNNXDxUZVvUMVR6OGPJcu30KIe4fyrAGDkPnGQm78H2hGRT7P/ACG0i5I7JTCHTdL6LEC2vs6uX40kPhUfWL/KsUspDpGAwDfCK72llXFBAdQIdiXbk8OmqVmwfJ0VSZssZvHKdmJ1MNUgjCnWnlBlnspWCaUhPKQ3hERfs8axn6hDlMsGJe6HCM9Q70yuKsRGZiBVlOpi/WTsuVAKmquJOCWdZ6ez18oltNjkyhuSkk+9M3z5Hd9IO2lbFScUIOzfZOXaZC5kyYpCkqYEAEMADUHHHWF9v7Fz0OZTLA91kq6pJ+BMXTYtvMxMyU4CmBSAAndFCwHMQ0kJKacKDrSPPydZKMq8HJJqzyRSZkqkyWtLYkpI+UbTMCsI9h7y62OnM5wHbLLImE95Ilqrjduqb+NLF43/ACcb76Gxm0eWiXHCwIv9r7Fy5m9ZphSWe4veTyChUdQYplqsypayhQqCRqHGLHOGUntMOM0wBd5mSopiG9OGClQwWkEBhEfdthGcUjHjiwaXtKejBb8xBKO0cxPiQ/Ixi0A4iIV2YM8DUfKFywph0vtYnNCh0jE9rJZ1HMGFK7ONIgXYxlHenjfexTwosatvhnvprxiWTtYqwWDyipLsgzAjEykjCnKkC8EWtNg+kPtu7SWZakpXo9cs4qiZqyXeDTMIwrziE2ok4DyijFHiqqyTNBxDdm2pSVAvFltm0Vbixin1BxBiny5g6w7sk0TEhL10ibqMStSomT3ofJmS7SqWpmUHvJOnzjntPs1IlpmIN1ixajgwulWcpN4FiILtFsvoCJpdIqCCxfiM4jSlGacXr4HwknplXXKSVBRJIGI1h1KsC5aQtaNz2N4Y5UEcJkSsQCpquaJHPWDNpTyUIN4VemmGkWym2gpaVnEi1FKryi7DnyiBdpVMJLl/SA7RMLNrEX64pKSgHdJcjUwEMfkyCsO/Vz3EyWJgJUoF8n0iqzpCgSDiIaTLUQi6l6lz0iCXKvHGK8bcU2yrHGXwLu6MZD4WA6Rkb/kIf6bPbEyiyRwisbfkFU1azgkJT5xaRNFGIwhBtJYKJuqlpY8AIsytUDj7iJEi8WFSASeQxMFWVZEpVMRTrSO9l7iLQtv8sIB/jV/SC5aAmQ2ailPlvK9GhUVSv6DW90LJ0tpYJFQPif7Q87M2ABJtCwCxuywahxirplxhXtFY8AqaFXDMCLDYl/8AwZRT7ClJVzKia+Y84DHTmzctqCN263JQCtaqZkmKztvaK1N3bENvVF5INbxegDPAW1Jv6zP7srCUpWLqcLysg7s78I6s9mly2IC1zmImIUVICg26U4VAAqSeVYLLPuhMYWd7EkJlzBaJpIXvCWoK3QA168zviGBZwDwi22PaMuYHQtN+9VJIqcrr4hzhFDtdoV3hvrCgCwC0h0jJwmpaIBIUkbiiGVzSHwcjCuB4x5mVKdGScoSpo9LILuSx44xDdMVLZm1rZMmXELoGvFSQtIypmS9AHrpjGtu9pJ8uYZaJqWADlISCDmCQMuGsS/4zk6sJZV8Fst20E2SWqYo76hdQh61zbSKds/aSJktUifLCkrWVX/bQs0vAx3Zti2i0pDyZhUQ5mLIu8GK28hDXZnYKf/mzJaaezeUX1ag9THrdP03CKFyk27KTa1zJExUuYHumigKFJwPUQVZ7VKXjHplq7FyJpQZi1kpSE7t1Ltq4J9YyT2G2eguZN46rWs+l5vSKJY/wNWX5PPQZdxVKtSAFIEewJ2VY0eGzyvyJV8QY7JlgbstADe6kU8onyOEe7/YZHK/CPGe7egryEcLlAYiPZQ6fCyf4QE+ZxMCWixSlqvTJUtZIqVoCiRzIiZ5oX5C5X4PG1oJiI2cZisewK7O2NYYyEpJDOkqT8DCa2dhJbnupq0HRaQsejH4wanFq0zLT7nmU2znKF02zl49FtPYa2I3kJRMGqFD/AGrunyeEVrsC5ZafKWg/iQUv5ivSHR5LYucIT0VUKIoRDDZtoCVBUMJ9gTiK8REMnZ5vcM46clKOySfSJbsYL2mFlKEC85rwHGANsTUGa0lIBZlHIa9Yi2jtNEsXJbP7RH3jAEu07jpDgu/N4HHh4q0hTjxWgtILFJmODkflBVjQlIPHrC2SL2A+sM7NLZvnGZHqmw/Vi1xktfQ1NWchAncFSnMWaz2QKAIAg+Rs5ByDxkLqkW44QUVx7FZkbPJwBhrI2OSPDFhs1k0EN7HYCYcsbYfKKKqnYx1jIvydm8I1BegzPUR57L2gp3IoBQAtGC3rLDBNSc+UDia6fCRxZokQOnrEjnXdlih8B1mtyim5dJClAlhphDpaHQDMNxCXLCqyTwwTzPkYQyZpGFIKnWsLIQaA0LaPxpUmH45627AyQ3aVGlTQrwpuh/PmTjDbYe1kylGXMDyl0X+E5K+v9ITSZTJxB3jUFxSmMaUC5bGOtxdoBpSVMYbX7OLlzL5BmSVKvpmAghHhZwGOuoNIIsE1ZYlEtSEuirqVvBheUoPUkkRL2d28uT+6mJKpR63HxYZp4RYZ+w7NMuzJYuVKgZbBJJxcdOEMnD1Yvi6YqEljl7laPO+0thC5iO7TiQhQbMeHdHI4w8tGxAmT3IO+ohSlNhdfxFPhSwAoPMxY5HZ+5MQsrvBJUqr3iSGSxJowz4RFtBaSe7SGQkupszkCcSTx04R58seSEUpad6XyNz58bdx22qBdk7JQmXcF4JrUFlEmhUTqcOAoM3dbK2VJk1lykJV7zOr8xr6xBJWlKbyyEjjSOE7YVMpZ5ZX+M7sv8xx5CsW41DFV7f7nnuuw/vRGu0gQps5mYzFhStE0QnlRzzPlEyuMJyda3qKobDH5ZIu2E0w++NIhXMJw3icnPyBiRMsFJADcgHHGtNMXjSgUi6Q495KcSeAJIPn0ieXOStuxipESJiswByL6BiCAYn7s6MOIBrxpQHCIwpKsCCxyqBXNolAVQUJbBuBLKOY+kLit7+hrIe4WPCymHhU46JWxveh4mNqS2TajMP1r/WOpswANSg1AuYCmv1EcqUmoFWCS4cFjgSMP7cY2aicrIlmMSvI/WI7VNSg7ywkklrygCehNYH/WgfeOLMhWurARM5uLD0xnIm3TunmH+UM0zELF2hBxSQ4yxB5xXUWrVCv5fg8SypzKoWLGocaetTFuDq+GvHwLnjszanZixLqZYlqOBlm4fyjdPURSe0HYicUH9TmoXi6V/u1nglXhJ5lMXopNavz+sdhJpSNl1knK+Ko70k1TZ88W3Yk+Uvu5staF+6tLPxBwUOIcRNY7IUpIIj6EnWJM1NyYlK0n2VBwONcDxFYpnaT9H01IMyyELaplKLK/0LNFclNzOEXwlLLHs0JnjjVNnnMiWxHOHdis98UBKk0UAKt73GEEy23FqTMSUrSWUhQKVJIyINQYsPZzakvvULSoO5SpLhykjHi0K9OSl7uxHPFKP2GiEBADKDHBQwP0MTombwIIbOsE7dsPcpM1A3FFlaAnUaK1yMef2vaS0TFIS7O4Z8DVoa4U6RT0uSk4s9SkW2SgOVAxFbO1kuWNwPHm1ml2iYd0EA6xYtndmFqrNVGubWipQTGCu20zX0jIOl7AQAMIyFc38sZwX0Kp+sJfdBbix+ETpXnCtZ3jBklYAIUMQGJLNWp40jz5Qs9Hl4DBOIEQSlneOgf76keUSWgS1SgpKnW7N8aacYEM7u5a1rFEhyNTkPMw3EpL2gZKq2O7KSEJDYAfUxOheoilJ7ZN/kn80cHtmcpP80X+lIgeWJflTRoYtvZ2wrlp7xZUm8KI/wCShroIqv6OJC7Wk2uai7LSppYJe+oGqm91JpxL+6X9DVUwUYOO2JyZE1SB7dOLUxP9z6RWrRaATdQxIqSTdSPxLVlyhpt21FCFBAKlqBSGDsMz98IrqNkiWnvLSS2KZb1UdVN8BXU5Hy82Vzyd+38IUourGMnuSO8mKM5vaO7KBGSQfHzZQplEFv7Ski7LZIwpj0hbbjNmbygEIGAJCABkAMfIQCJikeFcvklJV63X9YnlmlJUtL6eSjHgflHoFiBXLSVMklAKg5oWw8+AiXOlKZU0NXMA7H2h3ksEhiaEOQHGPEZ4wTa7QBxdVWPQD09YZceNhcXyoxVpKd0H4UrlocKRGm18E6vxZsMBSkLrfaNMP7QD+sMaMeJpwyERy6iUXSY6OJNWP3QWCgKVJNTr0dvWMVLluAJYfIMASC1VZjhCNM80rjpQeflpD6wqAASQGf44k6w3Dl5Pi6+4E4cdkiZQahCcWKaJ0q2J+EQoG8VM2/dCxgboY4fivDpE9oWyVLusAm8SCLzY9MDhAdnUUAAioYE0qcwRm5zh2VKIuNsmVLSCVABJLuQGvYYt0gVCw7Z1LciAW84IXNDO328AzZgBOhwcEMcDXk0RZZLwMSJ1rdxn946dYjWtQyB+mddOkblEEMCKjIj+8aSoeAsDgBgDnunzpiBHY7Zz0FyZ264qfiQ/x+kSictnASfQ/ME+UBSCxoXguXMqEkgOSAeLOzcnI5HrXjk3ryC6OJNpUkkh3zcGnnTypDCRtQ+0H+MB98jeGN0tz3Uq/wCUDiaH8PyhuNdVB3B6+uzHwkto67S9k7JtFLrAE0BkzUjfGgUPbTwPFiI8stfYhdnmXFoYiqVpNFD3kn7Ij17ZaFLVeAZI9oOK6DWGu0LCicgoWKZHMHIg6x7GN5JxuSp/TsyaXGMq7o8zlT56rMqzzAFpLAKNFMC7E54QMdlWdcy+mWwAAY1wFYX9obbbLFPVKmSgsYoWm9dWjIjQ5FOR1DEq/wDqu0UaQB+YwLjK9mxjFS5IvkmzykCgAbhEhmSxV2ig/wDU1qP+Q/8ApVHP7dtagR+rOP4VRnBjuSL93ss4LH5oyPPE7RnD/sfRcajPTR3Nm7xvOKGOiCcS541jq5WJAOGceY5nq1RktFYYTJd1ATdCnqQrh/V4is0t1CJbQkqVjTCCxvyKyb0Bq4y0Diwg7Z2zO+nJlJSjeUxUA7JxUrDIAmBVo4xcP0cWAAzZ5yAQnrvL9AjzMW43ykkS5ajFsusqSiWhMuWLqEAJSBkBG5i7qFKOQJjoB4E24v8AcLQCL6xdSHYkmgaH53UH9iCO2K9gTu/C5qkFKEqISSfEz1A0Au9X0ir7b2z3k0qQTdBYENhmRz1i37dliTZU2eX7QEsNQ1BvK5mvUwnsPZyShIBlhR/ECryfCPHyqGN+nW+7+pdha/W/wV2XaZeK0lR/Et/lHKtvy5dDIN3VKgfMNFyGx5bPcS2TpSAPMRigEUExAagG6wDMBQUDQr0k9uLr7j/Wj8Fd2f2klzKIDeeXQa4Q0Rb3GOPCJrQVLF28lQwZBA6M9ITLs8xJ/dy16CqdWZyeMSZI+6o2vuEuMl8Eu0bTxyxEKjaSku8Emxz1KAEpZUa0Div4hujqYDs0tc2YZKU74JChQ3bpuqJyxGMHDC6toNOKXcsFkAmXCmr/ACxh+iUQKAvph5kxHsrY/cy0hDElypSgS54MaD74wyRIUjxTKcLoJ9H+UW9P0fHbIcuVN6BJtjmFIDJN5QdnoxvOS1ButjmMYgnLuglabyAWxY0xIcfSDZirpa+rHJTf26QPMCSQXJbAklRGrP8AdIbmhGtdwIN+QVExKw6VU9c+hiFUvOvT5jKJZ0oHV9RT4RGmYoEiYHyvfUdMtcBjHkzhb2UJ0QmUM6AnIkDPED5xMqzpIukXkkYElQ4+KJN0lhkkFuBwPLGNJlqTXJnPDCvL+8HGDTSSAdMHuqRSpTl7w6+11rxOESzUfuwVKJ3kkGgz4ARPaHDMN40AOpq54ABRI0SYDtiAiSs3lEm66iallgUHhSOAAFYc4uKs6NNpHcmXVVGBLiv4UjzoYmuAUA51b4wHZrRMupupSaObxKeVAkg/1idHeZhA6ktwOEAs+RK7Ybgl4Htk2oEgJKWApThz+MHJ2ig5kdPpFZuHQPyb5xLJp84uw/8AJZFp7J5YIvY92rYUz5d2j4pUzscjy1jz2dIWhRSoAKSWIbOL9YbW26o0yOkJe2VjULs5DV3V/wDE/Lyj0nOOWHOPfyBjuEuLK8hFKtHQQRhEElasymJDMbSJ7ZXSO97hGRF+snUecZHWdRVES3UILs1jKiABk/0hnL2aQXJDXfUj5QWpcuUL6lhNABqWyAziNY5N7K5TXggXZUSpapissBqfCB84ry5/KCbdPXOU4F1CTugmp4njGpdnpVvMRTGCQnkwErUc38o9Q7CyrtiQc1rWo9FXPggR5+EDh6fWPSuyIexy2yKx/Oo/OKsC934JOoft/I2KoXqKFT0rUBu0BOTE1HH6wwaE215/drTeG4tkvorAPzoIDq+XFSj4d0IxpN0ze2ZomT0MXCUFT8y3/GF22dvJsyLxTeOQduTnL1JjmbMTLO4FKWXupB6OSaAPrhG7PYEvfmMpYq7OE4+EE4tmanhgPJhlcpvI+78FixqMVfYVybdapyby5Zlu7PQkapCmphvFhUVrBknZ0wsTd13gpddMUJHK6vnDTZ9mvgrUanAY0BLUf154PWVZlp8Sg+iWPrhDZSzS3FaYLa7AUvZsw/8AcKSNEpkgAZMO7gmcEywCpYcNzJFMs+kLbf2gRLDJTe4qP0YRW7P2hnzZjS2BNEIQAnHNRFQkeInQAZwqXTtq5dwlFl1Ra1Xk3Um4Xck3XxemNG+WsFbI2ZLlX1oSxmLK1ZklVSB0wHHnAWxNlGUkFary1VWsgtSrJc0T8ceAMtG0QkXWANWN58TVoqwwUFcnoVN26iHT5zgsq67XQeGMBWqdQDMZ/fWFy7WCRvFxrrEUy1sWJf1jJ9QnZkcdBc2aVGv20av0b1gBdqul31A4vl9Y4M5ZFKRNLIrY1RC5tsQhwVDVsSPLCOkKUsMEsFYXqnHID5+UBCzpcPjkPm2D8YYJUE4RnFPbMo5s6AiYkmqVy1pej30m8KZe0aetYaTdqXEJch0sF0HhYi8+RFFHgkwitBN5JSQClQNcGqlY/KpTcWge02sCr0EHHqvTXt+xno8mFWmc0xAcUBJD4eEcmAKgNARAVstveKEtIUSS67uWYBIpV31ZoXonqmLSJZYEVWTQBw7HM7sOJVnloF3vMqklnfmzwiXKV2OhUSeXMUlIaWpVMloB0wLRHP2wlH+JLmJrjcceYJpEybM7EKJw8Jd9aiNLlqymKH8wxwYgv5DnAY5U6lHR1ryRjtBZmcqIbgPrWJrPtqzzKpUoh2e6Wfh96QstewJcyqkJCveR+7PUB0nqI4RsiYlBTLAUyQEOQkioxGBpeqCHOVYuhLC/0rf1BqP1LPLmJPhUCMQQftoNmJ7yUuVju054j1Aio7JsMxKt4m89Xx5NlF32dZ7tTicYq6SMuT1SJ8/FdnZ5uJoyjS1aesRWpKkzFgNRagKtgoj3YxK1HT83/wCYNooTOGV749IyJ7w4fnH0jIGgrAF2qZjeTT3TXzUYHKkk3lJBOqnJ83MRFZPtFv4D9I13o94n/T/SNSNZKqfLGQ9Y2LQk4Jfk/wBIGNoHvrP5jGxaE4MfIwVAWEFaNCOoi/8AYK0JVZ1oHsLOOigD8QY86cYsfvnFg7D7TTKtPdq3UzRd4XvY+Y6iG4mlIVmVxPRzAm0LOlctSVhwRWDVJaBrc/dqZ3bLNsodkT4uu5JHuiuy7MmWGDk5kuScMScokUWHE4fekRybUJqbyXDFiDQpIxCvOK72l253AN0hzQdKqZ9SQP7R85CMnk4vuz0lHkhtaNqpQkSwcBVs/oIrO09v3QSlWVBg/PhEFi2PbbUp1fuUHMglZGgQ95ubdYtVg7IWaWQqYL6hgV1AbHcon0MejyjBKPf7f9ne2L2U/ZVhn22gRcQcZhe6RomrrPAcaiL7s/Y0mwyjdSVLINVHeUs0SD7odhTDnDBdsQgBMsN8Q2AphhCDaFtUtYribyqvQFx/NdPSJ8vVR7Lf9APlL6IdW3aTJu390BnGfAvlFetdsJIIoQ11s8vWArVamoTT0gJG0UA41fz6RM5ZMm2MWOMVoeSZ7YipyjU0kVeuQhKnbCXIY+WcSq2slg7txFYH05rwzaG8pTgFTOwbhwiTvmDcfOER2vLALBR+XmYHXtp/Ckn74RqhkfZHcV5ZbE2hOPxiKZtECr4YvFOVabbMP7qTTB1ABzwClCCNmbCtC137UogD2SQR+VNPOCliaVzml9F3NUYjO07XBqhCph0Qkqbmrwp6mBTLmzA65Sy2CBupHNSvEeXrFms5kywEhLNmpgB+ZvIPBSLVKXQEYjEEB+ZxgL4K1H8s7k14KwFz5QviSDTB0m5TTVsTwxhUvtFPTMJJVLPu1SS/4WYjSnKL5Ps4NRRTYsSCNCMx6wunWKVMT3cxAScAHepruKzGd1geDYsxdXT9y/YFPexZs/tQo/4iUq4lAB8xWH9l27IWQFJKSaOlV74mkUfaGyJ1nXeF5cpR8SahI/GCHTTN2plhEsshJpQ6Y4ceYj0koTXJU0Y4RZ6WmQLt9JvJ1H0jgjSKfsbbkxCzuLCSd7dN0vhXB6xbbPaAFAZKDpOLA5dITk6eK2tfIlqSewuzEXg44PDpIaEU+1Mrc8+ME7UtRl2VSyd4pujW8qg8nfpF3Sy4xabuifJG2vqedWmcFLUp11UTQHMk6cYh78jBS/yH5CJCzY+g+kafl5CFFhrvT7y/yRkTXxw/KIyMOE4Q2vmIhUh8z5pgtai0DLUwOsMSBbByGwUfMRt+fPGJEcR1joFszBUDYHNQrEP98ogCFuCMQXBBIIIqCIZrVweB0pJJr6x3E7keudldsi1yAVEd6hkzBqclgaKFebjKGyhHjWx9rLsk0TUVyWn30nEH5HWPXtn2+XaJaZstTpUOoOYIyIimMuSJJx4vQk2nY7sy9LISVhlhsWe6eYJ+MB2fYUtK0zZgBUPCpWIepIcUJbHGDtuWtUpe6kFSqpUrAZEfD0hDPthJcnKo0bSPE6iSWRtLfYvxRk46ZZplrloTuteyYOTzJy84XzbS4qXfSECLYgF1H+0CdotsiVJvJIvqICE0c6qbQBzEjllyyUEq/o1wUNsYbQ2smXuu6iKAM588OZpCK2WifMuhDIKwXYX1DeUAHZsA9AfEK0hTsqaZiiq6ok4njqYtdhtEuWUEoqkHC8MaPed8sjnlFCwLF3/f/Rimn22LNndlps0lS1KU2qiB00FIeSuzSEMlaaqB9quGIf5u9YNG1VhwiZQl7qk308auFfzGIk7QIcmWC7C8lRppuqFGrmYyc4yX6n/X8G+74KX2n2HaLOu+hXeyyQHogoc4LRkH9oBsHajmbKl3QFKloXy3vofSLSu2A+J1Au5ZsRhlQwjttilpLHdlrUACnInIvRJpQuAaDdPifi6mOT2tf7NcZLbLBYLVLbfkrRxKDdHkA3rDC4hQBAATlgX+UVSz2KZKqld5ALXg/S8MiMK5kw12daWdJG6cvdVw4U6Qc8EWtIB/I1SLqiEy0mmLkFgHPsmnWO2K8WHLHzOPlC2baCDidOn2IklWji0ePknUnGSGKGrs52ps4qTu4irYv54QisUyaiqZZe8oEUFBdGCqGr1rhFpl2ji8V7tBshUwd5LUoTEu4Qpr6aslsHGVPjFfS5kqjJ6f8G7egqRtdyElBSohwKKBH4S5APU9MYbpQFhlAFJyIfLMffOKNsqd3ssn3VFwMsG6uDFhsm0lSwAsFSdcwI3qMMeWlT/hhONrQ5TZlJok3hhdWSacF1I63or+2Nkre9KCkG8CUXAsH+EpBxJwV6YG1SpgUAUl3GUbUtvrAwbxvQlNp6KTYlTVEXiotkaAHgnLPLPytllKihKQlyM+GghxZrFLUHoSalq1g+VZ0pwEezjwOStsRl6hPSQtsWzyVXl4aQj7X2++sSkndRVXFRHyHxMO+0e2BZpbJYzVDdFKZXiNB6nrHnQWsmuJck5nV6wc1GEeMfyDjTk+T/BO50EdCWOAiFCjmPvziVKgM2hBRZ1c4jzjI3fGqYyOo62K2GhgS0YR33nnEai/WGpC2we8cjSMu/ijpckjCojhGOLQdGWamJIz6uxjchObk8yI2vnEZWcKCOow1OXWnyhn2c29Msky8mqFeNDgBXHgrj5wsGFY1fbSN2uxmn3PY5cyRb5Ly1f+yFNgR9v6xUNv7HnyApTpUnIh3PSKjYdqTJCxMkrKFDHQjRQzEei7F7ZyLUBKtATLmGlTuKP4VHPga84DJghl21s6E5Y/09jze2InLliYKbzMMWwfzpSFQsBKrywon3iXPV8Y9N7W2FMpSbqRcWk0ycHeBywI9YqUm2JSq5NBu5TMWBYMvg/t8Q+aomxNqTh2ony5nKWwnYNl3dxXPD4GohxarN+7rr5H7+MJV2Uo3kFiCcDliOmHODJW1n3JmNN7I89IptNcZCVNoGTaigsTyP1MMZVofjCm3orHFnXNSAQARy+ceZ1HSb9pf0/U3qXcfExMgpUChabyVAgjJjQ4YQrl7YIa/KIbSsH2fakpdCoB9d34xE+nnEsU4sEtcxVnKU3VLQrwrdydQphQt5gc2N2Opa1Xu7UEs29mcD98+jeShK0XaEGKxa5s6XMUh1LSlRA31CmWsW9Pnk401tAS49iwz6lqYZcoFf7yhVJ2yR4pahxe98awVJ2pLXSo5gj4xN1EHJ8mjYutIOTPr91gizlRU484gkoCsIYolXRrEaxTcqignNJFO7R2IS54UhTFZqAcFUcnQF3fUHWDdnTkd2lIJJxVeBBHnDz/AKflzllczxGmOAyEM5HZKUKur8xj38eGcoxT3Ql54pUwCwzGSlDscehH1HxhpKlhZCU11MF2bs/KluUhicTiTzJhlIsyJYpTUxuPoW5uUhE86f6TLJZQgUxgHbm3JdmTXeWfCh68zon4wl7QdtEoBl2ZlrzX7Cf4ffPpzwigm1KWtS1qUVKLkqLknof7RdKSiqiJhBydyGVqtK5i1LWb5UXLt0AqwAyjlKsGpwLfEQEJh0zgmWp9eFH+AiZplSoKRj/WJR084BKm9qvIlumMaM0+96H0gaCsY3uB8oyAf1se9/u/9YyO4s7kV425B9qOP15GsakbPSR4H4ur5eUdmwS38PmpXzivjEm5SIv2gj3j6xhtqDn8YydY0XgGA6/N4lFil4MD1P8A7R1ROtkJtadY0Z4yPqPrE/6nLwCQ3+r6xCJCCtgzChAf6dI2kZbIzaBrHKrQNfKsEGzSzl6joco0qyoZ7rfD/dHaO2CqnVz9frHBncFH74mJ5dmSzkY4OSMekdLsydA/An+kbSMtk8jb00ITKWVKlgggK3ijLcU7gNlUcIcWSUlS0mhCmGorgYrs6zpCXAz4j5mGGz59xkkhsRXD+kR9Thb90e6FzhydlxHZmUhBEu+lddxCnQsl23FAhLk1u3ecILVs60yx+9s608QkqT5igjq29oJ3eJMpZQEChIBcnEsoENp/WG2z/wBI05BCZstCx7yFEGnAgg+YhixOauTo7gq7FeQp86fD+kXTsPYEzJawtNLwuuOFSOGEFSO2dgm/4ssJOfeSwfUBQ9YsFg23ZFgCVMlsKAIUmnC6k0jYYGpW3YKjxegOf2XlKwDQCvsaj7EWxM5JzEdhY1HnDngg/AxZJIqtm7Pd0XQ4+EM/2bLmDfQH5Q4pGqR0cEFox5JMr03svKOFIiT2TliLNeGojkzEjMRj6fG/BqyT+RTI2MlIZ4JTsxOcR23tDZJX+JaJaDoVpB6B3MV63fpJsSH7u/NI9xBA/Mu6G5PGrFjXgzlJlql2BCcBE61JQCSQkDEksBzMeX2v9I9omOJUpEsaqPeKbVqAHzit2+0zrT/9iYqYNFEXeiKJB6QdxXY7hJ9y+7f/AEn2GzumWo2heksi4Ocw7v5b0ecba7ezbWSJi1Il/wDjQAE/6t519S2gEFSdmywWuI/KPpDNFmlpG7LSwx3delICU0w442irWfa0oYBY6D6wWjbErMr/AC/1h8UINRLSQM2SeRus5HIxz3EvEpSB/Cn0YfGA18B0xUnbEoYLX1T84l/bsohjMUOASfWGwEvKX1uFI+saIlgspKkj3mUQPyjDpGUgtiv9tyR7R53Y2Nuyh7auV0/Qw0EqW7FKDVsEnlmY5m2KQ9ZMs8kfMBozjE3lIVft6Vkr+VX0jIP/AGZI/wDHL8kxkdxidykDyZNBQcK/URooo7cfCmMjIIADQgleI9QdYID1r6l4yMgjCOakBNSGHDLEwNLZyat98eUZGRxxMFgDOsQ2k7qmD0xMZGR3g42mWWFPU8tY2oEn1rWMjI1HMHtLgdRhzESPqfT+sZGRxhoq4P6RCp71QR5EZH76RkZHI5nd4aH76xwQgirdUvGRkaYd2VUxA/drUnS6tSfg0Gp2ra0+G0zeq1K+JjIyMOZ2vtBbx/3Mz+Q/ERg7SW40/WV/yj4CMjI0ygWftm2KobTO6TFJ/wBpEL505a/HMWsfjWpf+4xkZHGkaLGT4QOP28dfq5oMTzaNxkYag2zSCMRdfJwfgIJQAwarFiRRuBz8oyMgPDDQW91q9Gp54mDxMNy9ShalOmBjIyBCNGaCHJNOfwBjicskBlCtPCqub0WB5xkZHHAs2YBkkkU0blumOU2lTC6Q1MW8muV9IyMjQLOz3pLpD8qeW+loitNoKC5IHBQUW/nVWMjI1BM67163gX4Af8I3GRkbSMP/2Q==',1,1,1),(4,'Gà','con',0,'https://bizweb.dktcdn.net/100/365/460/products/ga-ta-nua-con.jpg?v=1571131855420',1,0,1),(5,'Hành tươi','củ',0,'https://cdn.tgdd.vn/Files/2019/12/04/1224675/cach-chon-hanh-la-tuoi-ngon-201912040900503645.jpg',1,0,1),(16,'Trứng gà','quả',0,'https://bizweb.dktcdn.net/100/457/224/products/eggs.jpg?v=1683190870110',11,0,0),(17,'Trứng vịt','quả',0,'https://encrypted-tbn0.gstatic.com/images?q=tbn:ANd9GcSoZJqEn-H4UJsxoFvN-R-GYtAMA1gU3KdYoUyW-YgX_A&s',11,0,0),(18,'Hành tươi','Củ',0,'https://encrypted-tbn0.gstatic.com/shopping?q=tbn:ANd9GcTvCIeaXNgxYE7WotO-EgXgpxZIkE2qOYomT7q4icWXkM8uF7htsOh2NZyF6EIVKLm99TMrbWg187x2XMewvlz_e4BQDiC9Ewk8g-Li43A&usqp=CAc',11,0,0),(19,'Ngải cứu','Bó',0,'data:image/jpeg;base64,/9j/4AAQSkZJRgABAQAAAQABAAD/4QCORXhpZgAASUkqAAgAAAADAA4BAgBJAAAAMgAAAJiCAgALAAAAewAAABIBAwABAAAAAQAAAAAAAABNdWd3b3J0LCBBcnRlbWlzaWEgdnVsZ2FyaXMgcGxhbnQgYW5kIGdyZWVuIGxlYXZlcyBiYWNrZ3JvdW5kIGluIHN1bmxpZ2h0QW5kcmVhQXN0ZXP/7QCoUGhvdG9zaG9wIDMuMAA4QklNBAQAAAAAAIscAlAAC0FuZHJlYUFzdGVzHAJ4AElNdWd3b3J0LCBBcnRlbWlzaWEgdnVsZ2FyaXMgcGxhbnQgYW5kIGdyZWVuIGxlYXZlcyBiYWNrZ3JvdW5kIGluIHN1bmxpZ2h0HAJ0AAtBbmRyZWFBc3RlcxwCbgAYR2V0dHkgSW1hZ2VzL2lTdG9ja3Bob3RvAP/hBWVodHRwOi8vbnMuYWRvYmUuY29tL3hhcC8xLjAvADw/eHBhY2tldCBiZWdpbj0i77u/IiBpZD0iVzVNME1wQ2VoaUh6cmVTek5UY3prYzlkIj8+Cjx4OnhtcG1ldGEgeG1sbnM6eD0iYWRvYmU6bnM6bWV0YS8iPgoJPHJkZjpSREYgeG1sbnM6cmRmPSJodHRwOi8vd3d3LnczLm9yZy8xOTk5LzAyLzIyLXJkZi1zeW50YXgtbnMjIj4KCQk8cmRmOkRlc2NyaXB0aW9uIHJkZjphYm91dD0iIiB4bWxuczpwaG90b3Nob3A9Imh0dHA6Ly9ucy5hZG9iZS5jb20vcGhvdG9zaG9wLzEuMC8iIHhtbG5zOklwdGM0eG1wQ29yZT0iaHR0cDovL2lwdGMub3JnL3N0ZC9JcHRjNHhtcENvcmUvMS4wL3htbG5zLyIgICB4bWxuczpHZXR0eUltYWdlc0dJRlQ9Imh0dHA6Ly94bXAuZ2V0dHlpbWFnZXMuY29tL2dpZnQvMS4wLyIgeG1sbnM6ZGM9Imh0dHA6Ly9wdXJsLm9yZy9kYy9lbGVtZW50cy8xLjEvIiB4bWxuczpwbHVzPSJodHRwOi8vbnMudXNlcGx1cy5vcmcvbGRmL3htcC8xLjAvIiAgeG1sbnM6aXB0Y0V4dD0iaHR0cDovL2lwdGMub3JnL3N0ZC9JcHRjNHhtcEV4dC8yMDA4LTAyLTI5LyIgeG1sbnM6eG1wUmlnaHRzPSJodHRwOi8vbnMuYWRvYmUuY29tL3hhcC8xLjAvcmlnaHRzLyIgZGM6UmlnaHRzPSJBbmRyZWFBc3RlcyIgcGhvdG9zaG9wOkNyZWRpdD0iR2V0dHkgSW1hZ2VzL2lTdG9ja3Bob3RvIiBHZXR0eUltYWdlc0dJRlQ6QXNzZXRJRD0iNTM3Mzk3MDk0IiB4bXBSaWdodHM6V2ViU3RhdGVtZW50PSJodHRwczovL3d3dy5nZXR0eWltYWdlcy5jb20vZXVsYT91dG1fbWVkaXVtPW9yZ2FuaWMmYW1wO3V0bV9zb3VyY2U9Z29vZ2xlJmFtcDt1dG1fY2FtcGFpZ249aXB0Y3VybCIgPgo8ZGM6Y3JlYXRvcj48cmRmOlNlcT48cmRmOmxpPkFuZHJlYUFzdGVzPC9yZGY6bGk+PC9yZGY6U2VxPjwvZGM6Y3JlYXRvcj48ZGM6ZGVzY3JpcHRpb24+PHJkZjpBbHQ+PHJkZjpsaSB4bWw6bGFuZz0ieC1kZWZhdWx0Ij5NdWd3b3J0LCBBcnRlbWlzaWEgdnVsZ2FyaXMgcGxhbnQgYW5kIGdyZWVuIGxlYXZlcyBiYWNrZ3JvdW5kIGluIHN1bmxpZ2h0PC9yZGY6bGk+PC9yZGY6QWx0PjwvZGM6ZGVzY3JpcHRpb24+CjxwbHVzOkxpY2Vuc29yPjxyZGY6U2VxPjxyZGY6bGkgcmRmOnBhcnNlVHlwZT0nUmVzb3VyY2UnPjxwbHVzOkxpY2Vuc29yVVJMPmh0dHBzOi8vd3d3LmdldHR5aW1hZ2VzLmNvbS9kZXRhaWwvNTM3Mzk3MDk0P3V0bV9tZWRpdW09b3JnYW5pYyZhbXA7dXRtX3NvdXJjZT1nb29nbGUmYW1wO3V0bV9jYW1wYWlnbj1pcHRjdXJsPC9wbHVzOkxpY2Vuc29yVVJMPjwvcmRmOmxpPjwvcmRmOlNlcT48L3BsdXM6TGljZW5zb3I+CgkJPC9yZGY6RGVzY3JpcHRpb24+Cgk8L3JkZjpSREY+CjwveDp4bXBtZXRhPgo8P3hwYWNrZXQgZW5kPSJ3Ij8+Cv/bAIQACQYHCAcGCQgHCAoKCQsNFg8NDAwNGxQVEBYgHSIiIB0fHyQoNCwkJjEnHx8tPS0xNTc6OjojKz9EPzhDNDk6NwEKCgoNDA0aDw8aNyUfJTc3Nzc3Nzc3Nzc3Nzc3Nzc3Nzc3Nzc3Nzc3Nzc3Nzc3Nzc3Nzc3Nzc3Nzc3Nzc3Nzc3/8AAEQgAugB8AwEiAAIRAQMRAf/EABsAAAMBAQEBAQAAAAAAAAAAAAQFBgMCAQcA/8QAPxAAAgECBAQEAwYFAgUFAQAAAQIDBBEABRIhEzFBUQYiYXEUgZEjMkKhscEVM9Hh8FLxNGJygqIkQ1Njshb/xAAZAQADAQEBAAAAAAAAAAAAAAAAAQIDBAX/xAAkEQACAgIDAQEAAgMBAAAAAAAAAQIRITEDEkFRIhNhMmJyBP/aAAwDAQACEQMRAD8AqYc5qpakCbzRA6QVG18bZgqrI1QpAd4hGG/03YXxO8PMMrrDBWgwyE/eFirdj/cYMjqpzRl6xg5mfSiqP5ZG+9/UHHj98UZuX07plWTKp7WWpaT4h9rX30g/+OJLxHRzTVRlp0ZmI1SBRe697YsWFOa0IZNbxXawNtQuGI/8vywhzGRqTMFkLsRxNKHrp7HEPllBqSZDk1kdZLVy0+S0dFMrOrw3EluX+DDPI4UmhlbbVLJqYH0sP2wrknBTQt7rGb2P4cOaKripssnq4lAhUApY87gf1xnDk7tt6Ktt5PMwnR0qagKNFODYtyLYkYHhqW4k0ok0blfXDPPsx49KbM0UJ3S1rt64mqadYys6Rllvv699sRJuWY5ohvJTLXI3BSnOni/iPIY8zFquFIZl0G7kBk2vbvib4FQtakUOqzsDEAb8+QH15YoaTM46rKTA3/ExN50O2luw/MYtN9WlsEzqlqHmmnnkYhyosAevK2NaeJa8xQSSLrlsCp38nMnCOkDLmRd6hY01qWBN9HM2/TBdBK9LJUZknnEIG59bi35g/TCrKUnfozZa6KLNXSAKY+LpUdgLAfphhX1Qp6EsTsWLW7i+A6HIpko6mvr9pWR544ydybcz6X6YC8MQyeIaUSZjqKpIGS21wOn1xolOn9Hkcx518QzOQRAn3VIsT74FdjUu0sxRWJ2B6DBVbTtUx00UAReEQ0zkbBf64kvENVUHMT/D2jjhCgaS9t9/7Y1g2v7YFt4ipIKjMoOMzm8Rhchvunmp9fxDAdTl/AaB1l1RJJdpCPuXFrt6csD57DPTVlVSyMkkcCR1VK7/AHjaQ2X1+fT54sMxlWOierytddodaoV/mXFxt+2H1Um0/B7bPnWZ0Us1XQjiaHUGGZuYax/w45qUjkkkoyy7AFfNcqw6E97HDqiREqJs6ciSjMXFiOq41AeY26du2JujojmVNJUwyEzmR3Uk7i3f3vjlmpNdSKHGU5m9HmNNDPFEQ6lSQbmx/wBvzwdmE0eX0kVGFvGwLE92Y87dbDCb4J5MmE0y8KSnkCh7bv0t6ADBqBa6RMwqEeQSOBDoNxGAOo+V8XxxaVDPZM1EkMjLTIaoOFPEj8sCdAAfrhTQvIuYVUFZEJVJ1MUHlO19QtsMUdTlzFkqlktVkWhhZgLb7se+37YnqPLnnq5oEqBFMzOWjYEHvYHqCMOkg0NZKR2pIviAAujVGVN7EbC3r92+Fckc8NfVtKQjkHi7281uf+d8OcpzGm/hLZfUyItVAx4UbIVJNztvzOBM0poqqmSpq30y8N24uq+1yAp+ffviWn1wKhFHIKipi4aE1A1CY6j0F9X5HDSgzFhRwiqDQ09TMWebh6kaRPup/wBO3z+WNcqDDKswqamAoFQjy2Ba6jftfcfnj3L0TOcuGXU7LBlULCSaSXmWtewODjhcr+AkUSIXkraeesaWomiYuwIDBSLW9LXOMPCWWnLsk87+aQeUXvpFjbf5nCmmqfga5aalhmhaoIkEgjBk4NjZr8v6WwP4h8WSPF8BlUTJBxOFJWkaiRtfT298Wm3a9KsbZ5mUFPRS0OVycU063mYHURbmCe+Pnk+gvdUbfmT1OHVC9DBmNlcQ0rhx5t/Lbme5Nvzwzy/wjUV9MKhatdLE6eHFqFvckY6OP84aFsJzys+LgoZnj0TRRaJDq1E+YWPsVJ+uK2izXgNMqIHSFQADyC2Bvj5/WfFZXUSUlcsKyQaZfJIWVhtcd+nLGM+fSADhgrBpQkxrsN1G5PTbt+mOVTnFt1l0O2mWdWEq4Bxp4oqcMweKwAt/pt2F7m3M298T+X3eolhyeExQxDYMQWmvzY+vYYGzriSzN8NCTEiBpadlF1PK6sOfrhXl9fNTSFo5OCSNEjR2uVB/XD/6EUuaZnH8LV0qMiqHV2cCx6XsMcZHHEszU4LpTQJxHNrc7c/fCapSCaJJqVX1g6TruS3XV+uD46ziJKssrNM0WsyKdIYgarW27Ee4xMpqTpaG3kGqo6/Nc1nkgqlgEQOmNyQyKOQFuvX54MoqeZsuaq+J4lTBKA7hi1wRcW23NyRiairFj+J+Id7mbUr6QSfX6euHWSVsNKH4MmuGULrexuunlt3P+XxUo1gj0OqaxK6qpRUwhZQDxZAu7aRta3fYX6WwfSQI7SUpkiljiJOsavKwN7A3O4IHz9DhbVSq1PJNTxvKqMC5KfhYb7972FvfB+W1KzxU0ICyGNNEUq6RdTsQbDZjfc+l++FDOxoT15WmyFqiolYVVZIySKj6l0ByQOdhYBQPTGGU5EJlV6pajTNGOENQUIT1YA7emO/FlVFNW02XQpZF3ZTyLX2A+QJ+Z7YNp5zSxCokuJqhYo1IuCmq5dgPYJ9b7Yabqlse8DPxi1S8NLSZY6M1SDRvILWNhshNtr3P1GENIP4dLl2RT0+qWtQFwTYxmRwLH2C4qM5hkegoTlqRzSz1nFIf7siqhAJ9Nl/LGUdBK2dVmdTaNTqKahLWNmPlZh/m/mxvyYkNiXIqHLoBDWsWeomBaFXa6qt9gPW25N9sHRZXEAwFdNFZjs43be9/bEjmWbV2V1XDaOGKQLw4rENoC7Hbpv3/AFGA6bxCadGWZeNIzFmke5Zr9ziId2uzEv7KqOM01DS/HLGRLLqUvuVuRa/sNz6nAsNIkVfPTveWJ1CfdB26W774HzVmmApKWQvTwkRqTyNr6iW6bnBkVbFBVU08cBIhAbUG1PNpFrKt7AczgtWhv4fnzI5dSzQoAwp4w0aub61I6m3P+2JfKAMyr6tYk0iRjMqjoTz+V8aZ67JWzNHUo8fEZkjVr6Q25HphfRzS0lcZobQarkE8rc8VPjpNp5Ygqjr5aeSuldj9iwsvrytbB9LPWTRGpq2f7didajfVfoB/ljhSaWSWT42UhkncvsLWNzz+uHU7NW5UY4o1A2Kr2sLXH6Ee3fB1SdtbAd5fQJU0q1LpHrpUIkQvZrbi1vY7YHoUiXMZHq0FpEWKAJdUXb06gWA+eFOQ109KQHZuGjBZFPQf5fFVQxMaiqURQPw1LxfZbyCxPfnzHyxl/Ek7iISVM0dPQ00087rDNGPtAPx3PlIXluPTl9RkEtBUxsrDiIwYWPM9Nx3uRb+uHGYCnqoo6dqD7N7u0aq1iD7XsQT6f1zzHK0pgrEzOh0pp++bAHY7bjf5YjkaWhUCLIqz11WsZkurPGTbUurmB7bjGmS1Mc+ZVD15bgGIBme5tFcDe3ofrgnPplgyWB6ZV4bOygA3AAsD/wDr9MTWXzyVlQsMaapZDuindgTc/Q/riv8Az/puVFH0SnzqKty+eGmi0xU9MtirAbtchQO9rYIM71NZQZZCSDSFJauRSFWLSoIQD5jHlDSLldAscMEZqI7usUYJ1yWuq3O5O17+ntjTwzkseUUFTPm1UHrKo66i7ABb72J7m++/YdN3/nJspEvV+F6rxVVyytwqKESeSocElhzO3rccyMM4KXwJksQoagU1bMn8yd4zKWb3AIHt0wD4/wA6mZqekyusQUliHSC4N+xPUdreuI+uzGty6qejkrKlGhsCsUthuL/XfG6bSwKyybLVy3JmzGaiLU3EUBio0qo8o0qfv99R23688JauvgWpp6ukYngvqs3Mr1Bwxz5aJUVMura699DxPUM0RPI2U4QnLYY5xTNUMbDURflftiJQzhldcjLxTTUj1lRmFPTeYFWkjUWQA/i5YCzikiDSRpCY0i0BFPViLkj68sHU/iCpfLlyukgLnh8OR0hvxbbbknlpxnWU1QKNKusMchqSSwH3kPS49sXHxyZNIU1lNJS06zU5LlrrNGSNJt1tjiLg1NNGIpDSVEbeTUNjf/m6/Pv2xRx0VFVScBSjyaL/AGZt5u1sITBoWON9fUHSQCCDytbCjbdDaoJ+GauGh14FVH5hNY2YDpt+XXDnI62GSRIBUyVMrPoUMgQIbXN7797YnKOYhk+EZ6coSGd5VsfQoSNvyw4q6SlpxTVUVRHJUPAJJFiFr7kEDpzUjfqMS84IB5c+q6StmpKReGadm3Yl3cdSWPce2G+b1Cpl9DS5ZTpLNXzGQqIx90KbBu1r3v0xlFPTNUQyTl6aKpFjO40su21z7/rjrwvnMaCohzAtJNHC3w7uDe4J27/7YmEk06Q0A1c8nAqcnqAEAqLtIbjhkrs2ntbcfPGOVZdltHLDLR1kuYVbONPDGk32IFun1wfHWZfm1dWzZfCAUiRtDj+Ywcb7el+e+EE1ZLRZpG+WtFTP9/yDSqk9LnoP3xSg666GPM98aVWS5hNTUUvFZV0TMwuFbqF7/lhBUZxmTx8avrJmUfyoQ1ixPcD/AHxtBGlNLKKivoXqJpg0gMqN5tzyvy3O+O4KnLKOKOrlpJa4m5eOSTQoN9jcbn15Y6IQUNAxMs2ZtPFUyKzMja1SQgj6YxOW5jXO9VKftJXLNrJuSTgxq4mMzQ0sUO5sgGth23OKDLM+8PZbRRU+bQS1dbbVNIq2AJ/CAO2E2rsDrKKWirKfN6ypaTiUce0bHdiS3mPrfn6++Ocs8PySpFXkO7ORqS25XHdRldVTVnGq9C/FTLHZWIV1PM26jZT74qXzX4SlaNTeSFuGgUWL2OkBR7i2MuSaVV6NSoGgoFy3PKt4CwKwK6Io78z+WFkVM+dVZpvhrVBlVnqEvp4e97g8je22DK+r+HEU7TNqfUtWY2Nnbtbltyxr4XkoqvNKeQyEVCFzp+7cW9DY74xungJZYJVQ0vh6uq5qGRpa4izl4r2Y77W22xMT5lEkg+1vK0ytrtcW/FfFQZ9NXJSSLBEJ5Cxac3kjkN2LOB87DEtFQwweKGBUNArmVRUeUMOYvjWO6YG/ieOn+NjmpY55JJWHDVo9K/LbfHNJMmZSRZdXzimlEjPDKy7KxH3G9CwX23740zfxLVV1fHVFYl+GUrThBspPM+uMMtooM7qKiIzsasxB43flcc1P1HtYnGiVK2HtjBppchyE1FY0UtdmiExg3YxR9dVxa4vyHfCT4mSJdccUiqjaiwW4AIuBe3IC3PvjPMpayMvlmZo6mlJYXueFfn8jsb/rhpBVwVXguegijtVmc3KnVxBoAS3p5SLd/fAoR2OjvKK3jytE6iVkpnkLSqHGpRcWHQbHGT1UdVHP8flFKkqQs6SKXjJ/09SLE/LfCOg+MomaMsQ4JAIPLY3Ddtr/AJ4pRLQ5qaefMXlHCpVijghszPpLXLXtZb/qMNL9D6/CZoqB5KyR0KBwpKg7X23Hv/fGGV1DtW6pGZoN9SayAdsO6mKrnSaSkhDyaWWRogANwbsQNgLXF9hidooamaccIAaAXNz+Ec8EXdkoYaWFIqcLhnS2r13/AKYFV0a5mdA5JJFr4MQy1UskaqzvCpcoOqDmflffGc2X8SQmnjuo5ksBv8ziFGSeSc2fSTTxZzEHqJiNChopl2K78j87fQnrhbl08PxyzLNxHo24oEikmW62Nh32+VztjKmzaGlaWKJtdLKbXXbTtttzG5wMZVg8RuaGSMB0Gna48wANsca5JLHwmxjVtNWUM0NTJHdKrSsiqdzz9uuA6eCBuCZZli1WVgq3IO53H0xxVVAgrKqkmidYuIZIWA3Ugcx0sQNxz5Y1pIKabNXBPmCyOb8r7jcdt/0HXDc2kgbsbUORRGnSp+KBnnHFDFPKibHe/M8hYfXA+fZHV5vmPxVGmriopDsLLYd+3tucUFLlZr4p2eXQsY+HjYje1l3t8z7bY18URvT+HZqDLI3WQRrHdDugJFkU/wCptuWOiHkjRLB8proZKWscNGLoxGqx0v6i/TBuUUFZA0WZZaDV6d5I4xZ426qV3uCL8uYPLFjqzDK6eKfPa2GnEoslGQJZHIHMseXrzGFVD4lyc1TNFRyLVX+/Sw2LH0tz+YwObfgNsNhpos/zCmzajqUE9PEYirx6tQANr9bi9mXqDgqvyuGdJKyNVSriTXJFGPOhXmVNtyN/p8sfqh6aSuhzOmWajqmtxTPFYSgf6rbhue9uvUbY3zTMYwiZnEbtC6iVIx0I+9tzHL88T3X0Vk/lWVxZA0tLXyDVIzOks1iwL6VvbrbSfck4Eyynp8qzRxXSU8jTR8GPQtyDfkVtzJsLDng3x3WwS5hDUxpNphpUlChiA63IYf8AadP1OF1GYHkSvrI1tT3lYqbgEHVY37XH1GDlc0rsp2omOdVEgikhy6H4WOrdgAW0tIi3W23JOfvqxP0NHIjLLImkPfTY7EX5jBs9dJNXCseJHDCwicalAA02Hyxc+HvB9O9LTVmZkiERiRkbyEk9Cei8j3JPTGsGoRt+kJkbTiPRTo6gK3ELMgBcbj+/UYoE8L8cB6OenkSy6iAbBrAkb88CZxmQramaNOHTUlOCKeFB5V3tc25k8ycIaipLSkJV8RF8qM10uPbphtOehMqoaGnOV/FMI+LHGeIpIQbG4Nx6H54VCoP8TSengi8qLpUkkADfnz2/PGWUztDRV+VyoRPV8NYkkBBVgwPXoRjKoaoy3MoaSnnjV47MZtjfVz3P7euOeXHYmhgVeOGnkcMzECRb7i3Yne/98PaaIwVDtBDHDKuj7JVF7AE3X2sefI78wMCu07UhhvDVwy2ZXuSUa1iVPuTjvw9VZjHmFFTnW8IVi0YAA03JJ39/oBbljGnuxl7SjVEKdJUWRQN130+u/r++MM5zSPKKJnip1acPpjWViFLk7m/XqdvrvgiasipqHjzt8PGp1BS4Ut79hfpzx868TZwc2lD0tJNImvSap7hB2VF/c7nG0G2aImc5qJcyq6muzmq1VW6qo5C3IAdBhylVl+Q0cE60bTyTKNDagNfuQCBhDnErvTwQiJbKS7OF81+W+FryS8JYrsyj/wBvGzipY8JdWWUmc1uYZRWSvEYIqReLOaXcgDkupj7X+uEOXZ/WyVJJi+JBUsYwLMABc2Yb7AHHmWZZPmWXTw0svDkMbMEvtJp5qex/rjDIQ1DmNNU6iH1hAoHPV5T+RxShFKgpFZPHUTU8Va8KNTuq8SINcWdVOkn1BG4HPbtfjOpKf+GFeJEkEmkFJQdasAFINr3uAu/6YfxPEnhaXiTpCZ5vI97aAtrAfIAexwkqaahzakqoUzGIywqHGx3PT33HTvjnlBKWNAn4deFKShzKahRioSKV55uKNmsLDnz36ehw/wDGGYUVblk0FDJUSmBeIXgNo16AsT970A7bcsTWfV9PR5Pl2W0lXA6ov/qZVivKpubrfpv2v748yNJfEFXKpkj4UhsyNMU0Wt5gLeaw2AOHBZsWsE672Ls7ksvLa63/ADwnqhTcZhIJZGH4hit8S0uXUGaPDQ1WuIKCRe4VhfY9QdvzwkE8c/nMChuTWcAXx0cU9pjWA7L6eCuZoJyyVQI4MjSDQbfga/5Ef0w2/wD5nMM0SL4qogR4iAz6xI2k3PJdrknqRheuSVtEKKSURR/F+UKkmo2AFzt3NvnigrYcxy7ww7QSRtEZQKkO5DPcbKpPOwN/X255zUlhbChsaTLMppKans04RbRpcEkdTfkLk7nlgGvzuogcRSt8LEHIj0xWDEW8rEdD5ht29cSFPmYjlieNA0kO0eroL8vbHeY588pkjqIYpo3sBddOgjfYC1hz2GJjx5yPCHVbmEviGKWnqJqeFU3Do+lVF8C5jmTx5bQZfTVDSRQ+clUsC3Tc/exNEiScvHGeGTe1+nbDwaIsthraat1IkmkpJs0Bt/p/cY2jFJiswjglr6oxXBlkJ06202PP5YEKmORkmhDPEbFlO6nlz5YxqJomrCpqGkGq5kTcfnvjWHVxDHSvG6m5vKQlxbfmcOS+BRpR11Tlc6vR1DR3cvpfcG+3Lly2+WPMyWeSrNU3DbUAwaI3UW5e39sYxtWQzJPGyssZsNbD6Dr35YKnE9bVRVUTFFZEjAXkLDoBueXb3wXkCg8aS5dl+Q0AoYlkqa4XWYuSEjW1yByuT++J+CneqroJqL/h5pCh/wDqk0k6T+ZB6j54KzmCiqKaKsNdJJPGVi4Lr+FdjtyA5de+BKPNGo8xT4ZlXiAh40QBWXc7+x5dRhbiVEq858K/D+FMpkp6YPKw/wDVk7Gz3Km/uLf9wxJU0K5ZmitXU8uuE/cJZSp6GwO/74rKLP6RPBrSNUSyPFVKnDP3wDpvffcadVul7dcKvHmZRyVlG4jDhKdRqQ/zFN7H6WOI6vwTXwW5m9GxAKyPWzSvxpwdQe1tJX0IPLphNXUE9NPonVlcqG0joDyvg6Ovkhpo1eINEPtIyw3UkbEfQH5Y6q6lsyqZKphGpYgWZiOQA7YjtJSszbZ3SqRPGI5hCobeVlJAHsN9/brjWbM4aurmepk400jDizOSi6j5dgOQAAF/THWeZZ8IjCSeVmjVWmC2A3ANgB06Em+E/wDDHOTLmBdAZangRRartJ5SWNugBsN+d8dUpJmlNhebRSUtW1OxCy050Kwe6298AGT4g/aNu3U4aZhNLO6NW0ZlBRVSULoBv1254woMrOYV1VRKyxTxxkoDexcMBpP1xnX0PDTL6L4ho4pqlaWM+UO636X+W2+OZaRJq56WnnE0UZYxzFPvKASfXFJ4UX+KsaXN0UtYwpZbSRsoA3PQjSv1wHRQPkFRT1GYpGUnjkV999II9OfLb623wpyptoTFcdPTxIrLHxST51c2A9LjfDWpXKUp44oo6cTMjM5Qlim2wN7c/wAsB1k0dfUa6KnkVZG8ypc3ZiRfpbcgYEEMlI0qOBOwTZibtcHzL+X0wk/WVJgWZVPBjpw3ldxrCAg6R0v2v2wTS5mJuFCZmN1va1grbXAwNPBTwoZ65jLUyDUIhyBPInsP8thesbrug2HXGyqhYYz+IagqZUhcBQSNmNip9/fBKNDJDHNAya1OkhRzHc/50xPVOozecsSSL73vigHh+rostbMWsqJIoZL+cqetsDqq+lJHVVneZRZeaWOrAgkJVlRF3HYm3vgOGaozFoaWWIzcNCFH3fILm1+nPDHJJDBWuwohUq73AZL99ueHVDmctCzRSS0NMtUwdfiLKGAOwBP4Qeg39cZW/CWKMvoCaiOnZA0a+TRPNZU2uLkjl6dcfqnw1mnxU0UFRBGIW4bAuBc87/QjFZ4hDZbk/Ghaln4rCOZ6YhdPYjn7WA9cIaKFM0gFZUTRiSQktr2OOdOSfYSQNXP/ABbNaqlyGPR8UyxmMoS8x3uRsdI7/XCWqhehmelqE0VFPIyna5BGxHtcXw48IVBoM5hlb7FQARKQNSg9gehHbCrNpDV19TNKzhnnJuwsTc9R7HHVFGlJxTC8vzMxwPxRxFdyX38xLX7+xwwglp6ypWoiDRVEfmLC/K1jc/vhLJLDQ12lOHURpH921gzdseZTLWzyVCU4mVpAHb4YEaQD2HTc4Uo3rBDhmikzGremzilzFAyO665thZnB2I+W2G3iVsrzOGKsdgsFCqWpVYB2V7Nc9d+XyOJxalJ7QrJNI4Nw0raj8j8sZ/HKtTTQV8jijRhxdC3LgAW/LbfGNNkB2d01RT1NDHQEQtKvxQRU0cHUfKpJHQWPzvhMiSSLxI6iPim9yXNy3e/c4uMwzaDMaMVFdE6QIistPfVxGY7BieZ2BtyFutt0cfhmSsesellpKaBNMknElssYYXsDvt/tg/k7YGsiDxGKSOKkhhlhmqGZnqJY313JOwLfsMKKejzStab4GJ3jjGuTSdlUdTgqsp1iqhHTTRTIh3dVOlvUX3t8hhzQTJDTUqBGjklYmVy9lkjOy3A7b46I/lUsmmkKIslkr+NPHPFppCDLFqs7jqV9sZTNqVhDLJYNyY7kYoK7J8rEoajzDjsIyzPw2jseoAP3iceHw8WpFqyWihY/ZmUhSRuAbe4OBy0gsTVWYvGEp6JnpkcWmkRvMw9NtsUkFZks2QGizepgeipmURO8bGZC3Phkbm1r/t0xORQa5jFMoXc2LGy2/wCrAM1E0strgr01cwMNJNpBWQ7PxlsYo8uymqSsipmlkFWqlNesqQCOjACx+XtjmKm4q65GWOT8Yte574XpRuBHq+zdL3HPBgmeLyMgkP8AqVrYqf8AqPBnK9UzxaZZOWm+rkOgv9cEx1U8kxetdzI8n85wDcC3pucN5VWOA8NQmqlF9Ite674TVYs0YH/xofyxMZWiU8A7oslTIyMzJqNja3tgml/iSQTU8BqBTOQ1R8OLtp79/wBB3wvl24tttxhjHI8USzRuySqmzqbMPnhywDKxKenly2iqqajWAzKDEo3Ojkg/5mPP/L4TtGs1S6MDUBF3AIUI52G4G/LD7xixSOidCVdYkIYbEG4xNZUAcze4H8tj87c8ccM3IhLJSZYaHL1FLnsjRVlOvFhSdWaInfT93ntYC56YSeIs/q85ljhqqqOlpyyqERmMY9bf5ywLmUjzZvVNK7O2sbsbn7owmzQAotx+IY14oLsmaRWRi8UauTHOJgRpWUJp1Dva+2P3AkCtwtZYjSNJ5euMpNqWltty/bDGVmjr6jQxW0S20m1vKMaJVkm2CxoKeJ3keSaQW2DEKvv32x3mFfHwmYVEhYHlYnV7Y7VmaiJJJOg7k+mEkTvIqNI7OSu5Y3xW8jDIJXqIiskjm+6hTfY+vQ4Nqafh8B1aOYEaWS2425HGOTErK2nax2t0wd4yRV8RTBVA+yj5D/lGM2/1QPYO8XFpxEJBEyDYSRm59L4DFKWFyFv1KuCDjum/45vWF7/TCaoOmZguwvyGNIxcvQo//9k=',11,0,0);
/*!40000 ALTER TABLE `food` ENABLE KEYS */;
UNLOCK TABLES;

--
-- Table structure for table `group`
--

DROP TABLE IF EXISTS `group`;
/*!40101 SET @saved_cs_client     = @@character_set_client */;
/*!50503 SET character_set_client = utf8mb4 */;
CREATE TABLE `group` (
  `id` bigint NOT NULL AUTO_INCREMENT,
  `name` varchar(255) NOT NULL,
  `desc` varchar(255) NOT NULL,
  PRIMARY KEY (`id`)
) ENGINE=InnoDB AUTO_INCREMENT=6 DEFAULT CHARSET=utf8mb4 COLLATE=utf8mb4_0900_ai_ci;
/*!40101 SET character_set_client = @saved_cs_client */;

--
-- Dumping data for table `group`
--

LOCK TABLES `group` WRITE;
/*!40000 ALTER TABLE `group` DISABLE KEYS */;
INSERT INTO `group` VALUES (1,'Gia đình 1','Gia đình vui vẻ'),(2,'Gia đình 2','Gia đình vui vẻ 2'),(3,'Gia đình 3','Gia đình vui vẻ 3'),(4,'Gia đình 4','Gia đình vui vẻ 4'),(5,'Gia đình 5','Vui vẻ 5');
/*!40000 ALTER TABLE `group` ENABLE KEYS */;
UNLOCK TABLES;

--
-- Table structure for table `groupmarket`
--

DROP TABLE IF EXISTS `groupmarket`;
/*!40101 SET @saved_cs_client     = @@character_set_client */;
/*!50503 SET character_set_client = utf8mb4 */;
CREATE TABLE `groupmarket` (
  `id` bigint NOT NULL AUTO_INCREMENT,
  `idGroup` bigint NOT NULL,
  `idMarket` bigint NOT NULL,
  PRIMARY KEY (`id`),
  KEY `groupmarket_idgroup_foreign` (`idGroup`),
  KEY `groupmarket_idmarket_foreign` (`idMarket`),
  CONSTRAINT `groupmarket_idgroup_foreign` FOREIGN KEY (`idGroup`) REFERENCES `group` (`id`) ON DELETE CASCADE ON UPDATE CASCADE,
  CONSTRAINT `groupmarket_idmarket_foreign` FOREIGN KEY (`idMarket`) REFERENCES `market` (`id`) ON DELETE CASCADE ON UPDATE CASCADE
) ENGINE=InnoDB AUTO_INCREMENT=4 DEFAULT CHARSET=utf8mb4 COLLATE=utf8mb4_0900_ai_ci;
/*!40101 SET character_set_client = @saved_cs_client */;

--
-- Dumping data for table `groupmarket`
--

LOCK TABLES `groupmarket` WRITE;
/*!40000 ALTER TABLE `groupmarket` DISABLE KEYS */;
INSERT INTO `groupmarket` VALUES (2,1,13),(3,1,14);
/*!40000 ALTER TABLE `groupmarket` ENABLE KEYS */;
UNLOCK TABLES;

--
-- Table structure for table `market`
--

DROP TABLE IF EXISTS `market`;
/*!40101 SET @saved_cs_client     = @@character_set_client */;
/*!50503 SET character_set_client = utf8mb4 */;
CREATE TABLE `market` (
  `id` bigint NOT NULL AUTO_INCREMENT,
  `idUser` bigint NOT NULL,
  `dateToBuy` date NOT NULL,
  `dateBought` date DEFAULT NULL,
  `idUserBought` bigint DEFAULT NULL,
  `state` smallint NOT NULL,
  `quantity` int NOT NULL,
  `idFood` bigint NOT NULL,
  PRIMARY KEY (`id`),
  KEY `market_iduser_foreign` (`idUser`),
  KEY `market_idfood_foreign` (`idFood`),
  KEY `market_iduserbought_foreign` (`idUserBought`),
  CONSTRAINT `market_idfood_foreign` FOREIGN KEY (`idFood`) REFERENCES `food` (`id`) ON DELETE CASCADE ON UPDATE CASCADE,
  CONSTRAINT `market_iduser_foreign` FOREIGN KEY (`idUser`) REFERENCES `user` (`id`) ON DELETE CASCADE ON UPDATE CASCADE,
  CONSTRAINT `market_iduserbought_foreign` FOREIGN KEY (`idUserBought`) REFERENCES `user` (`id`) ON DELETE CASCADE ON UPDATE CASCADE
) ENGINE=InnoDB AUTO_INCREMENT=36 DEFAULT CHARSET=utf8mb4 COLLATE=utf8mb4_0900_ai_ci;
/*!40101 SET character_set_client = @saved_cs_client */;

--
-- Dumping data for table `market`
--

LOCK TABLES `market` WRITE;
/*!40000 ALTER TABLE `market` DISABLE KEYS */;
INSERT INTO `market` VALUES (1,1,'2023-07-16','2023-07-16',1,1,3,2),(2,1,'2023-07-14','2023-07-14',1,1,2,1),(3,1,'2023-07-15','2023-07-16',1,1,1,5),(8,1,'2023-07-16','2023-07-16',1,1,5,1),(9,1,'2023-07-16','2023-07-16',1,1,4,5),(10,1,'2023-07-16','2023-07-16',1,1,1,3),(11,1,'2023-07-16','2023-07-16',1,1,3,5),(13,1,'2023-07-16',NULL,NULL,0,3,5),(14,1,'2023-07-16',NULL,NULL,0,6,1),(17,1,'2023-11-08','2023-11-08',1,1,1,4),(18,1,'2023-11-08','2023-11-08',1,1,1,1),(19,1,'2023-11-08','2023-11-08',1,1,1,2),(21,1,'2023-11-16',NULL,NULL,0,1,1),(24,1,'2023-11-11','2023-11-11',1,1,1,5),(34,11,'2023-11-21','2023-11-21',11,1,3,18),(35,11,'2023-11-22','2023-11-22',11,1,1,17);
/*!40000 ALTER TABLE `market` ENABLE KEYS */;
UNLOCK TABLES;

--
-- Table structure for table `member`
--

DROP TABLE IF EXISTS `member`;
/*!40101 SET @saved_cs_client     = @@character_set_client */;
/*!50503 SET character_set_client = utf8mb4 */;
CREATE TABLE `member` (
  `id` bigint NOT NULL AUTO_INCREMENT,
  `idUser` bigint NOT NULL,
  `idGroup` bigint NOT NULL,
  `isLeader` smallint NOT NULL,
  PRIMARY KEY (`id`),
  KEY `member_idgroup_foreign` (`idGroup`),
  KEY `member_iduser_foreign` (`idUser`),
  CONSTRAINT `member_idgroup_foreign` FOREIGN KEY (`idGroup`) REFERENCES `group` (`id`) ON DELETE CASCADE ON UPDATE CASCADE,
  CONSTRAINT `member_iduser_foreign` FOREIGN KEY (`idUser`) REFERENCES `user` (`id`) ON DELETE CASCADE ON UPDATE CASCADE
) ENGINE=InnoDB AUTO_INCREMENT=17 DEFAULT CHARSET=utf8mb4 COLLATE=utf8mb4_0900_ai_ci;
/*!40101 SET character_set_client = @saved_cs_client */;

--
-- Dumping data for table `member`
--

LOCK TABLES `member` WRITE;
/*!40000 ALTER TABLE `member` DISABLE KEYS */;
INSERT INTO `member` VALUES (1,1,1,1),(3,1,2,1),(5,1,3,1),(7,1,4,1),(8,1,5,1);
/*!40000 ALTER TABLE `member` ENABLE KEYS */;
UNLOCK TABLES;

--
-- Table structure for table `recipe`
--

DROP TABLE IF EXISTS `recipe`;
/*!40101 SET @saved_cs_client     = @@character_set_client */;
/*!50503 SET character_set_client = utf8mb4 */;
CREATE TABLE `recipe` (
  `id` bigint NOT NULL AUTO_INCREMENT,
  `name` varchar(255) NOT NULL,
  `desc` varchar(255) NOT NULL,
  `idFood` bigint DEFAULT NULL,
  `idUser` bigint NOT NULL,
  PRIMARY KEY (`id`),
  KEY `recipe_idfood_foreign` (`idFood`),
  KEY `recipe_iduser_foreign` (`idUser`),
  CONSTRAINT `recipe_idfood_foreign` FOREIGN KEY (`idFood`) REFERENCES `food` (`id`),
  CONSTRAINT `recipe_iduser_foreign` FOREIGN KEY (`idUser`) REFERENCES `user` (`id`)
) ENGINE=InnoDB AUTO_INCREMENT=9 DEFAULT CHARSET=utf8mb4 COLLATE=utf8mb4_0900_ai_ci;
/*!40101 SET character_set_client = @saved_cs_client */;

--
-- Dumping data for table `recipe`
--

LOCK TABLES `recipe` WRITE;
/*!40000 ALTER TABLE `recipe` DISABLE KEYS */;
INSERT INTO `recipe` VALUES (2,'Gia truyền','CT gia truyền nhà Ngọc',3,1),(4,'Gia truyền','CT gia truyền nhà Ngọc',3,1),(6,'Gia truyền 3','haha',3,1),(7,'Trứng rán hành','Trứng rán với hàng là món thức ăn dễ nấu',3,1),(8,'Trứng rán hành','Trứng rán hành',3,1);
/*!40000 ALTER TABLE `recipe` ENABLE KEYS */;
UNLOCK TABLES;

--
-- Table structure for table `recipematerial`
--

DROP TABLE IF EXISTS `recipematerial`;
/*!40101 SET @saved_cs_client     = @@character_set_client */;
/*!50503 SET character_set_client = utf8mb4 */;
CREATE TABLE `recipematerial` (
  `id` bigint NOT NULL AUTO_INCREMENT,
  `idMaterial` bigint NOT NULL,
  `idRecipe` bigint NOT NULL,
  `quantity` bigint NOT NULL,
  PRIMARY KEY (`id`),
  KEY `recipematerial_idrecipe_foreign` (`idRecipe`),
  KEY `recipematerial_idmaterial_foreign` (`idMaterial`),
  CONSTRAINT `recipematerial_idmaterial_foreign` FOREIGN KEY (`idMaterial`) REFERENCES `food` (`id`),
  CONSTRAINT `recipematerial_idrecipe_foreign` FOREIGN KEY (`idRecipe`) REFERENCES `recipe` (`id`)
) ENGINE=InnoDB AUTO_INCREMENT=17 DEFAULT CHARSET=utf8mb4 COLLATE=utf8mb4_0900_ai_ci;
/*!40101 SET character_set_client = @saved_cs_client */;

--
-- Dumping data for table `recipematerial`
--

LOCK TABLES `recipematerial` WRITE;
/*!40000 ALTER TABLE `recipematerial` DISABLE KEYS */;
INSERT INTO `recipematerial` VALUES (3,4,2,1),(4,1,2,3),(8,4,4,1),(9,1,4,3),(11,2,6,2),(12,4,6,1),(13,2,7,2),(14,5,7,3),(15,2,8,2),(16,5,8,1);
/*!40000 ALTER TABLE `recipematerial` ENABLE KEYS */;
UNLOCK TABLES;

--
-- Table structure for table `store`
--

DROP TABLE IF EXISTS `store`;
/*!40101 SET @saved_cs_client     = @@character_set_client */;
/*!50503 SET character_set_client = utf8mb4 */;
CREATE TABLE `store` (
  `id` bigint NOT NULL AUTO_INCREMENT,
  `idUser` bigint NOT NULL,
  `idMarket` bigint NOT NULL,
  `expire` date NOT NULL,
  `quantity` int NOT NULL,
  `state` smallint NOT NULL,
  PRIMARY KEY (`id`),
  KEY `store_idmarket_foreign` (`idMarket`),
  KEY `store_iduser_foreign` (`idUser`),
  CONSTRAINT `store_idmarket_foreign` FOREIGN KEY (`idMarket`) REFERENCES `market` (`id`) ON DELETE CASCADE ON UPDATE CASCADE,
  CONSTRAINT `store_iduser_foreign` FOREIGN KEY (`idUser`) REFERENCES `user` (`id`) ON DELETE CASCADE ON UPDATE CASCADE
) ENGINE=InnoDB AUTO_INCREMENT=27 DEFAULT CHARSET=utf8mb4 COLLATE=utf8mb4_0900_ai_ci;
/*!40101 SET character_set_client = @saved_cs_client */;

--
-- Dumping data for table `store`
--

LOCK TABLES `store` WRITE;
/*!40000 ALTER TABLE `store` DISABLE KEYS */;
INSERT INTO `store` VALUES (11,1,18,'2023-11-30',1,1),(12,1,19,'2023-11-30',1,1),(15,1,24,'2023-11-29',1,1),(26,11,35,'2023-11-30',1,1);
/*!40000 ALTER TABLE `store` ENABLE KEYS */;
UNLOCK TABLES;

--
-- Table structure for table `user`
--

DROP TABLE IF EXISTS `user`;
/*!40101 SET @saved_cs_client     = @@character_set_client */;
/*!50503 SET character_set_client = utf8mb4 */;
CREATE TABLE `user` (
  `id` bigint NOT NULL AUTO_INCREMENT,
  `username` varchar(255) NOT NULL,
  `password` varchar(255) NOT NULL,
  `role` smallint NOT NULL DEFAULT '0',
  `name` varchar(255) DEFAULT NULL,
  PRIMARY KEY (`id`)
) ENGINE=InnoDB AUTO_INCREMENT=21 DEFAULT CHARSET=utf8mb4 COLLATE=utf8mb4_0900_ai_ci;
/*!40101 SET character_set_client = @saved_cs_client */;

--
-- Dumping data for table `user`
--

LOCK TABLES `user` WRITE;
/*!40000 ALTER TABLE `user` DISABLE KEYS */;
INSERT INTO `user` VALUES (1,'q','1',1,'Test'),(11,'admin','$2b$10$YqUgBj9vOdt0L2Q/QUTNyusLR2VUnctDGT6QMrtWf0VzIUTanlP9q',1,'Admin'),(17,'hieu.tt@gmail.com','$2b$10$KwlXLxWsRdn.d8Xlzs.ooeb2jzEBjsLZ2jdzSeT0wTJ5/x9v5luam',0,'Tran Trung Hieu'),(18,'hoang.cm@gmail.com','$2b$10$B/EQNarvqs/DciAEXUC8QOgGrh7z6Lm9wSwCGScdSLCAVVkrwBwaK',0,'Cù Minh Hoàng'),(19,'lam.lt@gmail.com','$2b$10$cR70hGx2E/wtrMz6vJnoZ.CdlhQyX7sAhcwtMgDdjAxAxDQhiZegm',0,'Lê Trường Lam'),(20,'hoang123@gmail.com','$2b$10$4ZCN.AuSzifzSqY6HT0OAOu7/XacMHkZtsd7NbxyWL4oyyi9SVYuW',0,'User');
/*!40000 ALTER TABLE `user` ENABLE KEYS */;
UNLOCK TABLES;
/*!40103 SET TIME_ZONE=@OLD_TIME_ZONE */;

/*!40101 SET SQL_MODE=@OLD_SQL_MODE */;
/*!40014 SET FOREIGN_KEY_CHECKS=@OLD_FOREIGN_KEY_CHECKS */;
/*!40014 SET UNIQUE_CHECKS=@OLD_UNIQUE_CHECKS */;
/*!40101 SET CHARACTER_SET_CLIENT=@OLD_CHARACTER_SET_CLIENT */;
/*!40101 SET CHARACTER_SET_RESULTS=@OLD_CHARACTER_SET_RESULTS */;
/*!40101 SET COLLATION_CONNECTION=@OLD_COLLATION_CONNECTION */;
/*!40111 SET SQL_NOTES=@OLD_SQL_NOTES */;

-- Dump completed on 2023-11-24 14:34:21
